HOSPITAL_ID,PAYOR1,PATS,TC,TD,PAYER_TYPE,SUBSTANCE_CATEGORY,AVG_CHARGE,AVG_LOS
1,1,6,994163,63,Government (Medicare),Other Substance Related; Alcohol Disorders; Drug Overdose,165693.83333333334,10.5
1,2,2,122785,15,Government (Medicaid),Opioid Disorders; Other Substance Related,61392.5,7.5
1,3,2,51818,3,Private (Commercial),Alcohol Disorders; Drug Overdose,25909.0,1.5
1,7,9,413019,48,,Alcohol Disorders; Stimulant Disorders; Other Substance Related; Drug Overdose,45891.0,5.333333333333333
1,8,10,414761,40,,Other Substance Related; Alcohol Disorders; Opioid Overdose; Drug Overdose,41476.1,4.0
1,11,2,43908,7,,Alcohol Disorders,21954.0,3.5
2,1,5,109937,11,Government (Medicare),Other Substance Related; Opioid Overdose; Drug Overdose,21987.4,2.2
2,2,6,121659,13,Government (Medicaid),Alcohol Disorders; Other Substance Related; Opioid Overdose; Drug Overdose,20276.5,2.1666666666666665
2,4,14,336463,34,Self-Pay,Alcohol Disorders; Opioid Disorders; Opioid Overdose; Drug Overdose,24033.071428571428,2.4285714285714284
2,7,4,95616,8,,Alcohol Disorders; Other Substance Related; Drug Overdose,23904.0,2.0
2,8,11,288518,29,,Alcohol Disorders; Other Substance Related; Opioid Overdose; Drug Overdose,26228.909090909092,2.6363636363636362
2,11,1,19633,1,,Alcohol Disorders,19633.0,1.0
3,1,29,696687,111,Government (Medicare),Alcohol Disorders; Opioid Disorders; Other Psychoactive Substances; Drug Overdose,24023.689655172413,3.8275862068965516
3,2,34,1320227,162,Government (Medicaid),Alcohol Disorders; Opioid Disorders; Cannabis Disorders; Sedative Disorders; Stimulant Disorders; Other Substance Related; Opioid Overdose; Drug Overdose,38830.205882352944,4.764705882352941
3,4,30,650026,131,Self-Pay,Alcohol Disorders; Opioid Disorders; Stimulant Disorders; Other Substance Related,21667.533333333333,4.366666666666666
3,5,139,2677836,540,,Alcohol Disorders; Opioid Disorders; Sedative Disorders; Stimulant Disorders; Other Psychoactive Substances; Opioid Overdose; Drug Overdose,19265.007194244605,3.884892086330935
3,6,34,521972,66,,Alcohol Disorders; Opioid Disorders; Sedative Disorders; Stimulant Disorders; Opioid Overdose; Drug Overdose,15352.117647058823,1.9411764705882353
3,7,33,437828,112,,Alcohol Disorders; Opioid Disorders; Drug Overdose,13267.515151515152,3.393939393939394
3,8,29,302655,85,,Alcohol Disorders; Opioid Disorders; Cannabis Disorders; Sedative Disorders; Other Psychoactive Substances,10436.379310344828,2.9310344827586206
3,11,24,220689,68,,Alcohol Disorders; Opioid Disorders; Other Psychoactive Substances,9195.375,2.8333333333333335
4,1,2,24451,5,Government (Medicare),Other Substance Related; Drug Overdose,12225.5,2.5
4,5,4,66550,7,,Alcohol Disorders; Drug Overdose,16637.5,1.75
4,7,1,11090,1,,Alcohol Disorders,11090.0,1.0
4,8,1,36817,2,,Alcohol Disorders,36817.0,2.0
4,11,1,30479,4,,Alcohol Disorders,30479.0,4.0
5,1,1,5020,2,Government (Medicare),Other Substance Related,5020.0,2.0
5,8,1,16118,2,,Alcohol Disorders,16118.0,2.0
7,1,4,136914,22,Government (Medicare),Alcohol Disorders; Drug Overdose,34228.5,5.5
7,2,4,44780,9,Government (Medicaid),Alcohol Disorders; Opioid Overdose,11195.0,2.25
7,3,1,16343,2,Private (Commercial),Stimulant Disorders,16343.0,2.0
7,7,11,350517,35,,Alcohol Disorders; Other Substance Related; Opioid Overdose,31865.18181818182,3.1818181818181817
7,8,14,358877,50,,Alcohol Disorders; Other Psychoactive Substances; Opioid Overdose,25634.071428571428,3.5714285714285716
7,11,4,80679,6,,Alcohol Disorders; Opioid Disorders; Other Substance Related,20169.75,1.5
8,7,1,29569,4,,Other Substance Related,29569.0,4.0
11,1,25,1819417,169,Government (Medicare),Alcohol Disorders; Cannabis Disorders; Other Psychoactive Substances; Other Substance Related; Opioid Overdose; Drug Overdose,72776.68,6.76
11,2,10,834380,58,Government (Medicaid),Alcohol Disorders; Other Substance Related; Opioid Overdose; Drug Overdose,83438.0,5.8
11,3,16,658981,73,Private (Commercial),Alcohol Disorders; Opioid Disorders; Other Psychoactive Substances; Opioid Overdose; Drug Overdose,41186.3125,4.5625
11,7,86,4087369,383,,Alcohol Disorders; Opioid Disorders; Cannabis Disorders; Stimulant Disorders; Hallucinogen Disorders; Inhalant Disorders; Other Psychoactive Substances; Other Substance Related; Opioid Overdose; Drug Overdose,47527.54651162791,4.453488372093023
11,8,55,3434480,307,,Alcohol Disorders; Opioid Disorders; Sedative Disorders; Stimulant Disorders; Other Substance Related; Opioid Overdose; Drug Overdose,62445.09090909091,5.581818181818182
11,10,1,39661,5,,Alcohol Disorders,39661.0,5.0
11,11,19,741366,73,,Alcohol Disorders; Sedative Disorders; Stimulant Disorders; Other Psychoactive Substances; Other Substance Related; Drug Overdose,39019.26315789474,3.8421052631578947
12,1,1,23254,2,Government (Medicare),Drug Overdose,23254.0,2.0
12,2,7,233472,18,Government (Medicaid),Alcohol Disorders; Other Substance Related; Drug Overdose,33353.142857142855,2.5714285714285716
12,3,4,73733,7,Private (Commercial),Alcohol Disorders,18433.25,1.75
12,4,4,89859,7,Self-Pay,Alcohol Disorders; Other Substance Related,22464.75,1.75
12,7,2,69337,5,,Alcohol Disorders,34668.5,2.5
12,8,1,33707,1,,Alcohol Disorders,33707.0,1.0
12,11,1,24556,1,,Alcohol Disorders,24556.0,1.0
14,1,1,5969,1,Government (Medicare),Other Substance Related,5969.0,1.0
14,5,1,14720,2,,Alcohol Disorders,14720.0,2.0
15,1,1,3810,1,Government (Medicare),Drug Overdose,3810.0,1.0
15,2,3,46609,5,Government (Medicaid),Alcohol Disorders; Other Substance Related; Opioid Overdose,15536.333333333334,1.6666666666666667
15,5,11,203222,23,,Alcohol Disorders; Opioid Overdose; Drug Overdose,18474.727272727272,2.090909090909091
15,7,3,55897,4,,Alcohol Disorders; Other Substance Related,18632.333333333332,1.3333333333333333
15,8,1,14894,2,,Alcohol Disorders,14894.0,2.0
15,11,1,11956,1,,Opioid Overdose,11956.0,1.0
16,1,19,663278,68,Government (Medicare),Alcohol Disorders; Opioid Disorders; Sedative Disorders; Stimulant Disorders; Other Substance Related; Opioid Overdose; Drug Overdose,34909.36842105263,3.5789473684210527
16,2,19,558877,61,Government (Medicaid),Alcohol Disorders; Cannabis Disorders; Stimulant Disorders; Other Psychoactive Substances; Other Substance Related; Opioid Overdose; Drug Overdose,29414.57894736842,3.210526315789474
16,3,17,302991,54,Private (Commercial),Alcohol Disorders; Opioid Disorders; Cannabis Disorders; Stimulant Disorders; Other Psychoactive Substances; Drug Overdose,17823.0,3.176470588235294
16,4,67,1526128,240,Self-Pay,Alcohol Disorders; Cannabis Disorders; Stimulant Disorders; Other Psychoactive Substances; Other Substance Related; Opioid Overdose; Drug Overdose,22778.02985074627,3.582089552238806
16,7,16,349959,41,,Alcohol Disorders; Cocaine Disorders; Stimulant Disorders; Other Substance Related; Opioid Overdose; Drug Overdose,21872.4375,2.5625
16,8,10,708666,65,,Other Substance Related; Alcohol Disorders; Other Psychoactive Substances; Opioid Overdose,70866.6,6.5
16,10,3,53253,6,,Alcohol Disorders; Stimulant Disorders,17751.0,2.0
16,11,17,305970,37,,Alcohol Disorders; Opioid Disorders; Sedative Disorders; Stimulant Disorders; Other Substance Related; Drug Overdose,17998.235294117647,2.176470588235294
18,1,4,171156,35,Government (Medicare),Alcohol Disorders; Drug Overdose,42789.0,8.75
18,2,1,23300,2,Government (Medicaid),Drug Overdose,23300.0,2.0
18,3,7,240106,25,Private (Commercial),Alcohol Disorders; Stimulant Disorders,34300.857142857145,3.5714285714285716
18,4,1,23850,1,Self-Pay,Alcohol Disorders,23850.0,1.0
18,7,1,26038,2,,Alcohol Disorders,26038.0,2.0
18,8,1,30027,3,,Drug Overdose,30027.0,3.0
18,11,1,53093,8,,Alcohol Disorders,53093.0,8.0
19,1,1,34669,6,Government (Medicare),Alcohol Disorders,34669.0,6.0
19,4,1,39128,5,Self-Pay,Other Substance Related,39128.0,5.0
19,5,1,13386,3,,Alcohol Disorders,13386.0,3.0
19,11,1,24824,2,,Other Substance Related,24824.0,2.0
20,1,2,33123,6,Government (Medicare),Other Substance Related; Drug Overdose,16561.5,3.0
20,2,1,31940,3,Government (Medicaid),Alcohol Disorders,31940.0,3.0
20,3,1,11742,2,Private (Commercial),Alcohol Disorders,11742.0,2.0
20,5,9,213099,25,,Alcohol Disorders; Stimulant Disorders; Other Substance Related; Drug Overdose,23677.666666666668,2.7777777777777777
20,7,3,84500,11,,Alcohol Disorders,28166.666666666668,3.6666666666666665
20,8,1,27733,1,,Other Substance Related,27733.0,1.0
20,11,1,38334,7,,Alcohol Disorders,38334.0,7.0
21,1,33,1536816,137,Government (Medicare),Alcohol Disorders; Other Psychoactive Substances; Other Substance Related; Opioid Overdose; Drug Overdose,46570.181818181816,4.151515151515151
21,2,39,2066166,230,Government (Medicaid),Alcohol Disorders; Sedative Disorders; Cocaine Disorders; Other Psychoactive Substances; Other Substance Related; Opioid Overdose; Drug Overdose,52978.61538461538,5.897435897435898
21,3,158,4980846,747,Private (Commercial),Alcohol Disorders; Cannabis Disorders; Sedative Disorders; Cocaine Disorders; Stimulant Disorders; Other Psychoactive Substances; Other Substance Related; Opioid Overdose; Drug Overdose,31524.3417721519,4.727848101265823
21,4,15,479614,64,Self-Pay,Alcohol Disorders; Other Psychoactive Substances; Drug Overdose,31974.266666666666,4.266666666666667
21,6,1,17813,1,,Alcohol Disorders,17813.0,1.0
21,7,54,1243790,165,,Alcohol Disorders; Stimulant Disorders; Other Psychoactive Substances; Drug Overdose,23033.14814814815,3.0555555555555554
21,8,22,690336,82,,Alcohol Disorders; Other Psychoactive Substances; Other Substance Related; Drug Overdose,31378.909090909092,3.727272727272727
21,10,3,93511,9,,Alcohol Disorders; Other Substance Related,31170.333333333332,3.0
21,11,5,89780,11,,Alcohol Disorders; Cocaine Disorders; Other Psychoactive Substances,17956.0,2.2
22,1,20,905976,87,Government (Medicare),Alcohol Disorders; Cannabis Disorders; Other Substance Related; Drug Overdose,45298.8,4.35
22,2,21,1256481,138,Government (Medicaid),Alcohol Disorders; Other Psychoactive Substances; Other Substance Related; Drug Overdose,59832.42857142857,6.571428571428571
22,3,14,416178,45,Private (Commercial),Alcohol Disorders; Other Psychoactive Substances; Other Substance Related; Opioid Overdose; Drug Overdose,29727.0,3.2142857142857144
22,4,11,623499,55,Self-Pay,Alcohol Disorders; Other Substance Related; Opioid Overdose; Drug Overdose,56681.72727272727,5.0
22,5,9,294079,37,,Alcohol Disorders; Other Substance Related; Opioid Overdose; Drug Overdose,32675.444444444445,4.111111111111111
22,6,7,188044,19,,Alcohol Disorders; Other Psychoactive Substances; Other Substance Related; Opioid Overdose; Drug Overdose,26863.428571428572,2.7142857142857144
22,7,4,232711,29,,Alcohol Disorders; Other Substance Related; Drug Overdose,58177.75,7.25
22,8,10,470790,48,,Alcohol Disorders; Other Psychoactive Substances; Other Substance Related; Opioid Overdose; Drug Overdose,47079.0,4.8
22,10,1,21636,4,,Drug Overdose,21636.0,4.0
22,11,4,91973,9,,Alcohol Disorders; Stimulant Disorders; Opioid Overdose; Drug Overdose,22993.25,2.25
23,1,23,845826,96,Government (Medicare),Other Substance Related; Alcohol Disorders; Sedative Disorders; Opioid Overdose; Drug Overdose,36775.04347826087,4.173913043478261
23,2,40,1449975,160,Government (Medicaid),Alcohol Disorders; Opioid Disorders; Sedative Disorders; Cocaine Disorders; Other Substance Related; Opioid Overdose; Drug Overdose,36249.375,4.0
23,3,7,172764,16,Private (Commercial),Alcohol Disorders; Opioid Overdose; Drug Overdose,24680.571428571428,2.2857142857142856
23,4,6,357332,42,Self-Pay,Alcohol Disorders; Opioid Disorders; Cannabis Disorders; Opioid Overdose; Drug Overdose,59555.333333333336,7.0
23,5,54,1572956,160,,Alcohol Disorders; Stimulant Disorders; Other Psychoactive Substances; Other Substance Related; Opioid Overdose; Drug Overdose,29128.814814814814,2.962962962962963
23,6,4,68891,8,,Alcohol Disorders,17222.75,2.0
23,7,23,668277,62,,Alcohol Disorders; Sedative Disorders; Stimulant Disorders; Other Substance Related; Opioid Overdose; Drug Overdose,29055.521739130436,2.6956521739130435
23,8,19,605367,58,,Alcohol Disorders; Opioid Overdose; Drug Overdose,31861.42105263158,3.0526315789473686
23,10,3,44051,4,,Alcohol Disorders; Drug Overdose,14683.666666666666,1.3333333333333333
23,11,10,285786,24,,Alcohol Disorders; Opioid Overdose; Drug Overdose,28578.6,2.4
24,1,1,5176,1,Government (Medicare),Drug Overdose,5176.0,1.0
24,5,1,66538,6,,Alcohol Disorders,66538.0,6.0
24,6,1,13727,2,,Alcohol Disorders,13727.0,2.0
25,1,26,1342700,121,Government (Medicare),Alcohol Disorders; Cannabis Disorders; Other Substance Related; Opioid Overdose; Drug Overdose,51642.307692307695,4.653846153846154
25,2,31,1405945,138,Government (Medicaid),Alcohol Disorders; Other Substance Related; Opioid Overdose; Drug Overdose,45353.06451612903,4.451612903225806
25,3,59,2376937,222,Private (Commercial),Alcohol Disorders; Opioid Disorders; Sedative Disorders; Stimulant Disorders; Other Substance Related; Opioid Overdose; Drug Overdose,40287.06779661017,3.76271186440678
25,4,10,555119,47,Self-Pay,Alcohol Disorders; Drug Overdose,55511.9,4.7
25,6,1,19294,1,,Alcohol Disorders,19294.0,1.0
25,7,31,1086556,91,,Alcohol Disorders; Opioid Disorders; Sedative Disorders; Stimulant Disorders; Other Substance Related; Opioid Overdose; Drug Overdose,35050.1935483871,2.935483870967742
25,8,24,1003804,83,,Alcohol Disorders; Sedative Disorders; Other Substance Related; Opioid Overdose; Drug Overdose,41825.166666666664,3.4583333333333335
25,10,5,165583,13,,Alcohol Disorders; Opioid Overdose; Drug Overdose,33116.6,2.6
25,11,7,205554,19,,Alcohol Disorders; Drug Overdose,29364.85714285714,2.7142857142857144
27,1,58,1644539,260,Government (Medicare),Alcohol Disorders; Opioid Disorders; Cocaine Disorders; Stimulant Disorders; Other Substance Related; Opioid Overdose; Drug Overdose,28354.120689655174,4.482758620689655
27,2,55,1947681,270,Government (Medicaid),Alcohol Disorders; Opioid Disorders; Cannabis Disorders; Sedative Disorders; Stimulant Disorders; Other Psychoactive Substances; Other Substance Related; Opioid Overdose; Drug Overdose,35412.38181818182,4.909090909090909
27,3,20,454190,79,Private (Commercial),Alcohol Disorders; Stimulant Disorders; Opioid Overdose; Drug Overdose,22709.5,3.95
27,4,38,871670,151,Self-Pay,Alcohol Disorders; Stimulant Disorders; Other Psychoactive Substances; Other Substance Related; Opioid Overdose; Drug Overdose,22938.684210526317,3.973684210526316
27,5,192,4557324,723,,Alcohol Disorders; Opioid Disorders; Cannabis Disorders; Cocaine Disorders; Stimulant Disorders; Other Psychoactive Substances; Other Substance Related; Opioid Overdose; Drug Overdose,23736.0625,3.765625
27,6,33,1555650,208,,Alcohol Disorders; Opioid Disorders; Sedative Disorders; Stimulant Disorders; Other Psychoactive Substances; Other Substance Related; Opioid Overdose; Drug Overdose,47140.90909090909,6.303030303030303
27,7,52,1285160,186,,Alcohol Disorders; Cannabis Disorders; Stimulant Disorders; Other Substance Related; Opioid Overdose; Drug Overdose,24714.615384615383,3.576923076923077
27,8,44,1033308,150,,Alcohol Disorders; Cannabis Disorders; Stimulant Disorders; Other Psychoactive Substances; Other Substance Related; Opioid Overdose; Drug Overdose,23484.272727272728,3.409090909090909
27,10,5,84727,16,,Alcohol Disorders; Cocaine Disorders; Opioid Overdose; Drug Overdose,16945.4,3.2
27,11,37,1046644,152,,Alcohol Disorders; Opioid Disorders; Sedative Disorders; Stimulant Disorders; Other Psychoactive Substances; Other Substance Related; Opioid Overdose; Drug Overdose,28287.675675675677,4.108108108108108
28,1,31,1172858,195,Government (Medicare),Alcohol Disorders; Other Substance Related; Opioid Overdose; Drug Overdose,37834.12903225807,6.290322580645161
28,2,33,1080350,122,Government (Medicaid),Alcohol Disorders; Opioid Disorders; Sedative Disorders; Other Psychoactive Substances; Other Substance Related; Opioid Overdose; Drug Overdose,32737.878787878788,3.696969696969697
28,4,12,268335,31,Self-Pay,Alcohol Disorders; Other Psychoactive Substances; Other Substance Related; Drug Overdose,22361.25,2.5833333333333335
28,5,47,1452046,176,,Alcohol Disorders; Cannabis Disorders; Sedative Disorders; Stimulant Disorders; Other Psychoactive Substances; Other Substance Related; Opioid Overdose; Drug Overdose,30894.59574468085,3.74468085106383
28,6,46,793461,95,,Alcohol Disorders; Other Psychoactive Substances; Other Substance Related; Opioid Overdose; Drug Overdose,17249.152173913044,2.0652173913043477
28,7,14,277432,50,,Alcohol Disorders; Cannabis Disorders; Other Substance Related; Drug Overdose,19816.571428571428,3.5714285714285716
28,8,29,956071,96,,Alcohol Disorders; Opioid Disorders; Sedative Disorders; Stimulant Disorders; Other Psychoactive Substances; Other Substance Related; Opioid Overdose; Drug Overdose,32967.96551724138,3.310344827586207
28,11,12,223680,27,,Alcohol Disorders; Other Substance Related; Opioid Overdose; Drug Overdose,18640.0,2.25
31,1,26,2087764,112,Government (Medicare),Alcohol Disorders; Opioid Disorders; Sedative Disorders; Other Substance Related; Opioid Overdose; Drug Overdose,80298.61538461539,4.3076923076923075
31,2,58,4051566,278,Government (Medicaid),Alcohol Disorders; Cannabis Disorders; Other Psychoactive Substances; Other Substance Related; Drug Overdose,69854.58620689655,4.793103448275862
31,3,26,1636621,114,Private (Commercial),Alcohol Disorders; Opioid Disorders; Other Substance Related; Opioid Overdose; Drug Overdose,62946.96153846154,4.384615384615385
31,4,105,5322120,426,Self-Pay,Alcohol Disorders; Opioid Disorders; Cannabis Disorders; Stimulant Disorders; Other Psychoactive Substances; Other Substance Related; Opioid Overdose; Drug Overdose,50686.857142857145,4.057142857142857
31,7,42,2583219,149,,Alcohol Disorders; Opioid Disorders; Cocaine Disorders; Stimulant Disorders; Other Psychoactive Substances; Other Substance Related; Drug Overdose,61505.21428571428,3.5476190476190474
31,8,31,2316232,124,,Alcohol Disorders; Opioid Disorders; Cannabis Disorders; Stimulant Disorders; Other Substance Related; Opioid Overdose; Drug Overdose,74717.16129032258,4.0
31,10,2,76426,7,,Drug Overdose,38213.0,3.5
31,11,12,571704,23,,Alcohol Disorders; Other Substance Related; Opioid Overdose; Drug Overdose,47642.0,1.9166666666666667
32,1,50,1407097,214,Government (Medicare),Alcohol Disorders; Opioid Disorders; Sedative Disorders; Other Psychoactive Substances; Other Substance Related; Opioid Overdose; Drug Overdose,28141.94,4.28
32,2,94,3397587,517,Government (Medicaid),Alcohol Disorders; Opioid Disorders; Cannabis Disorders; Sedative Disorders; Cocaine Disorders; Other Psychoactive Substances; Other Substance Related; Opioid Overdose; Drug Overdose,36144.54255319149,5.5
32,3,31,766740,110,Private (Commercial),Alcohol Disorders; Cocaine Disorders; Opioid Overdose; Drug Overdose,24733.548387096773,3.5483870967741935
32,4,27,720230,92,Self-Pay,Alcohol Disorders; Opioid Overdose; Drug Overdose,26675.185185185186,3.4074074074074074
32,5,262,6485669,922,,Alcohol Disorders; Opioid Disorders; Sedative Disorders; Stimulant Disorders; Other Psychoactive Substances; Other Substance Related; Opioid Overdose; Drug Overdose,24754.461832061068,3.519083969465649
32,6,6,208173,30,,Alcohol Disorders; Drug Overdose,34695.5,5.0
32,7,35,839367,116,,Alcohol Disorders; Opioid Disorders; Cocaine Disorders; Other Substance Related; Opioid Overdose; Drug Overdose,23981.914285714287,3.3142857142857145
32,8,81,1719520,235,,Alcohol Disorders; Opioid Disorders; Sedative Disorders; Cocaine Disorders; Stimulant Disorders; Other Substance Related; Opioid Overdose; Drug Overdose,21228.64197530864,2.9012345679012346
32,9,1,27240,5,,Alcohol Disorders,27240.0,5.0
32,10,10,277419,38,,Alcohol Disorders; Cannabis Disorders; Other Substance Related; Opioid Overdose; Drug Overdose,27741.9,3.8
32,11,73,1763532,219,,Alcohol Disorders; Opioid Disorders; Cannabis Disorders; Sedative Disorders; Cocaine Disorders; Other Substance Related; Opioid Overdose; Drug Overdose,24157.972602739726,3.0
33,1,5,196192,13,Government (Medicare),Alcohol Disorders; Other Psychoactive Substances,39238.4,2.6
33,2,19,1168031,69,Government (Medicaid),Alcohol Disorders; Cocaine Disorders; Stimulant Disorders; Opioid Overdose; Drug Overdose,61475.31578947369,3.6315789473684212
33,3,12,500666,34,Private (Commercial),Alcohol Disorders; Stimulant Disorders,41722.166666666664,2.8333333333333335
33,4,60,2232026,147,Self-Pay,Alcohol Disorders; Opioid Disorders; Sedative Disorders; Cocaine Disorders; Stimulant Disorders; Other Substance Related; Opioid Overdose; Drug Overdose,37200.433333333334,2.45
33,7,12,463218,27,,Alcohol Disorders; Other Substance Related; Opioid Overdose; Drug Overdose,38601.5,2.25
33,8,13,423835,28,,Alcohol Disorders; Opioid Overdose; Drug Overdose,32602.69230769231,2.1538461538461537
33,10,2,100459,5,,Alcohol Disorders; Opioid Overdose,50229.5,2.5
33,11,4,94159,7,,Alcohol Disorders,23539.75,1.75
34,1,11,430572,46,Government (Medicare),Alcohol Disorders; Sedative Disorders; Other Substance Related; Opioid Overdose; Drug Overdose,39142.90909090909,4.181818181818182
34,2,7,637459,70,Government (Medicaid),Alcohol Disorders; Sedative Disorders; Other Substance Related; Opioid Overdose; Drug Overdose,91065.57142857143,10.0
34,3,2,34072,5,Private (Commercial),Alcohol Disorders,17036.0,2.5
34,5,10,343056,21,,Alcohol Disorders; Cocaine Disorders; Other Substance Related; Opioid Overdose; Drug Overdose,34305.6,2.1
34,7,3,71741,12,,Alcohol Disorders; Drug Overdose,23913.666666666668,4.0
34,8,5,151049,8,,Alcohol Disorders; Drug Overdose,30209.8,1.6
34,10,1,42863,2,,Opioid Overdose,42863.0,2.0
34,11,2,45960,4,,Alcohol Disorders,22980.0,2.0
35,7,1,14216,1,,Alcohol Disorders,14216.0,1.0
35,8,1,31646,4,,Alcohol Disorders,31646.0,4.0
36,1,3,77506,11,Government (Medicare),Opioid Disorders; Sedative Disorders; Drug Overdose,25835.333333333332,3.6666666666666665
36,7,2,33943,7,,Alcohol Disorders,16971.5,3.5
37,1,14,418437,53,Government (Medicare),Alcohol Disorders; Sedative Disorders; Other Substance Related; Opioid Overdose; Drug Overdose,29888.35714285714,3.7857142857142856
37,2,5,101677,16,Government (Medicaid),Alcohol Disorders; Opioid Disorders; Stimulant Disorders,20335.4,3.2
37,3,9,142789,26,Private (Commercial),Alcohol Disorders; Cannabis Disorders,15865.444444444445,2.888888888888889
37,5,47,867859,142,,Alcohol Disorders; Opioid Disorders; Cannabis Disorders; Sedative Disorders; Stimulant Disorders; Other Psychoactive Substances; Opioid Overdose; Drug Overdose,18465.08510638298,3.021276595744681
37,6,2,18590,9,,Cannabis Disorders; Stimulant Disorders,9295.0,4.5
37,7,19,308869,52,,Alcohol Disorders; Cannabis Disorders,16256.263157894737,2.736842105263158
37,8,17,294167,46,,Alcohol Disorders; Opioid Disorders; Cannabis Disorders; Drug Overdose,17303.941176470587,2.7058823529411766
37,11,7,117226,21,,Alcohol Disorders; Other Psychoactive Substances; Drug Overdose,16746.571428571428,3.0
38,1,5,365422,56,Government (Medicare),Cocaine Disorders; Stimulant Disorders; Other Substance Related; Opioid Overdose,73084.4,11.2
38,2,28,1142371,144,Government (Medicaid),Alcohol Disorders; Cocaine Disorders; Other Psychoactive Substances; Other Substance Related; Opioid Overdose; Drug Overdose,40798.96428571428,5.142857142857143
38,3,3,64234,11,Private (Commercial),Alcohol Disorders; Opioid Overdose,21411.333333333332,3.6666666666666665
38,4,15,363523,46,Self-Pay,Alcohol Disorders; Opioid Overdose; Drug Overdose,24234.866666666665,3.066666666666667
38,5,32,2069239,199,,Alcohol Disorders; Cannabis Disorders; Other Substance Related; Opioid Overdose; Drug Overdose,64663.71875,6.21875
38,6,1,18045,4,,Drug Overdose,18045.0,4.0
38,7,5,143515,15,,Alcohol Disorders; Opioid Overdose; Drug Overdose,28703.0,3.0
38,8,23,592559,75,,Alcohol Disorders; Cocaine Disorders; Stimulant Disorders; Other Substance Related; Opioid Overdose; Drug Overdose,25763.434782608696,3.260869565217391
38,10,2,143141,16,,Alcohol Disorders; Opioid Overdose,71570.5,8.0
38,11,8,216379,21,,Alcohol Disorders; Opioid Overdose,27047.375,2.625
41,2,1,10795,3,Government (Medicaid),Alcohol Disorders,10795.0,3.0
41,4,1,12981,1,Self-Pay,Alcohol Disorders,12981.0,1.0
41,5,2,29503,4,,Alcohol Disorders,14751.5,2.0
41,7,1,24829,3,,Alcohol Disorders,24829.0,3.0
41,8,1,7306,3,,Alcohol Disorders,7306.0,3.0
42,1,2,49375,6,Government (Medicare),Opioid Overdose,24687.5,3.0
42,3,1,27407,2,Private (Commercial),Opioid Overdose,27407.0,2.0
42,4,1,34061,5,Self-Pay,Alcohol Disorders,34061.0,5.0
42,5,1,16534,2,,Other Psychoactive Substances,16534.0,2.0
42,11,1,12006,2,,Alcohol Disorders,12006.0,2.0
43,1,1,19151,2,Government (Medicare),Other Substance Related,19151.0,2.0
43,2,12,425624,48,Government (Medicaid),Alcohol Disorders; Stimulant Disorders; Other Substance Related; Drug Overdose,35468.666666666664,4.0
43,3,8,166655,27,Private (Commercial),Alcohol Disorders; Sedative Disorders; Stimulant Disorders; Opioid Overdose; Drug Overdose,20831.875,3.375
43,4,3,93941,17,Self-Pay,Alcohol Disorders; Drug Overdose,31313.666666666668,5.666666666666667
43,5,29,726076,135,,Alcohol Disorders; Cannabis Disorders; Stimulant Disorders; Other Psychoactive Substances; Drug Overdose,25037.103448275862,4.655172413793103
43,7,5,128664,17,,Alcohol Disorders,25732.8,3.4
43,8,10,350479,57,,Alcohol Disorders; Sedative Disorders; Stimulant Disorders; Opioid Overdose; Drug Overdose,35047.9,5.7
43,11,2,49488,10,,Alcohol Disorders; Drug Overdose,24744.0,5.0
45,1,29,1176807,106,Government (Medicare),Alcohol Disorders; Other Substance Related; Opioid Overdose; Drug Overdose,40579.55172413793,3.6551724137931036
45,2,13,583854,57,Government (Medicaid),Alcohol Disorders; Cocaine Disorders; Other Substance Related; Opioid Overdose; Drug Overdose,44911.846153846156,4.384615384615385
45,3,9,308720,23,Private (Commercial),Alcohol Disorders; Drug Overdose,34302.22222222222,2.5555555555555554
45,4,3,280902,37,Self-Pay,Alcohol Disorders; Drug Overdose,93634.0,12.333333333333334
45,5,24,1137205,107,,Alcohol Disorders; Cannabis Disorders; Other Substance Related; Opioid Overdose; Drug Overdose,47383.541666666664,4.458333333333333
45,6,1,22380,2,,Alcohol Disorders,22380.0,2.0
45,7,7,251276,23,,Alcohol Disorders; Other Substance Related; Drug Overdose,35896.57142857143,3.2857142857142856
45,8,8,226897,28,,Alcohol Disorders; Drug Overdose,28362.125,3.5
45,11,7,162116,18,,Alcohol Disorders; Drug Overdose,23159.428571428572,2.5714285714285716
48,1,4,121557,16,Government (Medicare),Alcohol Disorders; Opioid Overdose,30389.25,4.0
48,2,13,307860,36,Government (Medicaid),Alcohol Disorders; Opioid Disorders; Other Substance Related; Opioid Overdose; Drug Overdose,23681.53846153846,2.769230769230769
48,3,2,24469,4,Private (Commercial),Alcohol Disorders,12234.5,2.0
48,4,2,41814,4,Self-Pay,Alcohol Disorders; Other Substance Related,20907.0,2.0
48,5,22,530657,71,,Alcohol Disorders; Drug Overdose,24120.772727272728,3.227272727272727
48,7,8,188684,22,,Alcohol Disorders; Other Substance Related; Opioid Overdose,23585.5,2.75
48,8,6,193108,24,,Alcohol Disorders; Drug Overdose,32184.666666666668,4.0
48,10,1,29605,4,,Alcohol Disorders,29605.0,4.0
48,11,5,74781,8,,Alcohol Disorders; Drug Overdose,14956.2,1.6
49,1,12,540889,59,Government (Medicare),Alcohol Disorders; Other Substance Related; Other Drug Overdose; Drug Overdose,45074.083333333336,4.916666666666667
49,2,24,1481639,168,Government (Medicaid),Alcohol Disorders; Cannabis Disorders; Other Substance Related; Opioid Overdose; Drug Overdose,61734.958333333336,7.0
49,3,2,50237,3,Private (Commercial),Alcohol Disorders; Other Substance Related,25118.5,1.5
49,4,11,799485,67,Self-Pay,Alcohol Disorders; Other Substance Related; Opioid Overdose,72680.45454545454,6.090909090909091
49,5,45,1394756,141,,Alcohol Disorders; Opioid Disorders; Other Psychoactive Substances; Other Substance Related; Opioid Overdose; Drug Overdose,30994.577777777777,3.1333333333333333
49,6,2,77635,5,,Alcohol Disorders,38817.5,2.5
49,7,12,668260,59,,Alcohol Disorders; Cannabis Disorders; Sedative Disorders; Other Substance Related; Opioid Overdose,55688.333333333336,4.916666666666667
49,8,9,293665,37,,Alcohol Disorders; Other Substance Related; Drug Overdose,32629.444444444445,4.111111111111111
49,10,8,266175,36,,Alcohol Disorders; Other Substance Related,33271.875,4.5
49,11,10,357479,44,,Alcohol Disorders; Opioid Overdose; Drug Overdose,35747.9,4.4
50,1,7,131960,13,Government (Medicare),Alcohol Disorders; Other Substance Related; Opioid Overdose; Drug Overdose,18851.428571428572,1.8571428571428572
50,2,9,263392,38,Government (Medicaid),Alcohol Disorders; Opioid Overdose; Drug Overdose,29265.777777777777,4.222222222222222
50,5,17,308027,41,,Alcohol Disorders; Other Substance Related; Drug Overdose,18119.235294117647,2.411764705882353
50,7,3,78844,7,,Alcohol Disorders,26281.333333333332,2.3333333333333335
50,8,3,45375,7,,Alcohol Disorders,15125.0,2.3333333333333335
50,10,2,22794,2,,Alcohol Disorders,11397.0,1.0
50,11,8,166750,19,,Alcohol Disorders; Drug Overdose,20843.75,2.375
51,1,27,1197345,94,Government (Medicare),Alcohol Disorders; Sedative Disorders; Stimulant Disorders; Other Substance Related; Opioid Overdose; Drug Overdose,44346.11111111111,3.4814814814814814
51,2,45,3762601,322,Government (Medicaid),Alcohol Disorders; Opioid Disorders; Cannabis Disorders; Sedative Disorders; Cocaine Disorders; Other Psychoactive Substances; Opioid Overdose; Drug Overdose,83613.35555555555,7.155555555555556
51,3,58,2425821,221,Private (Commercial),Alcohol Disorders; Opioid Disorders; Stimulant Disorders; Hallucinogen Disorders; Other Psychoactive Substances; Other Substance Related; Opioid Overdose; Drug Overdose,41824.5,3.810344827586207
51,4,24,2200979,136,Self-Pay,Alcohol Disorders; Opioid Disorders; Other Psychoactive Substances; Opioid Overdose; Drug Overdose,91707.45833333333,5.666666666666667
51,5,157,8398832,715,,Alcohol Disorders; Opioid Disorders; Sedative Disorders; Cocaine Disorders; Stimulant Disorders; Other Psychoactive Substances; Other Substance Related; Opioid Overdose; Drug Overdose,53495.74522292994,4.554140127388535
51,6,2,248714,22,,Alcohol Disorders; Opioid Overdose,124357.0,11.0
51,7,24,1356954,121,,Alcohol Disorders; Sedative Disorders; Stimulant Disorders; Other Substance Related; Opioid Overdose; Drug Overdose,56539.75,5.041666666666667
51,8,31,1678041,124,,Alcohol Disorders; Stimulant Disorders; Hallucinogen Disorders; Other Psychoactive Substances; Opioid Overdose; Drug Overdose,54130.354838709674,4.0
51,9,2,60345,8,,Alcohol Disorders,30172.5,4.0
51,10,5,181226,12,,Alcohol Disorders; Opioid Overdose; Drug Overdose,36245.2,2.4
51,11,30,1218947,85,,Alcohol Disorders; Stimulant Disorders; Other Psychoactive Substances; Other Substance Related; Opioid Overdose; Drug Overdose,40631.566666666666,2.8333333333333335
53,1,36,2009127,146,Government (Medicare),Alcohol Disorders; Opioid Disorders; Cannabis Disorders; Sedative Disorders; Other Psychoactive Substances; Other Substance Related; Opioid Overdose; Drug Overdose,55809.083333333336,4.055555555555555
53,2,32,1929445,186,Government (Medicaid),Alcohol Disorders; Opioid Disorders; Cocaine Disorders; Other Substance Related; Opioid Overdose; Other Drug Overdose; Drug Overdose,60295.15625,5.8125
53,3,34,1787458,172,Private (Commercial),Alcohol Disorders; Cannabis Disorders; Cocaine Disorders; Hallucinogen Disorders; Other Substance Related; Opioid Overdose; Drug Overdose,52572.294117647056,5.0588235294117645
53,7,124,9586283,723,,Alcohol Disorders; Opioid Disorders; Sedative Disorders; Cocaine Disorders; Stimulant Disorders; Other Substance Related; Opioid Overdose; Drug Overdose,77308.73387096774,5.830645161290323
53,8,125,8168426,640,,Other Substance Related; Alcohol Disorders; Opioid Disorders; Cannabis Disorders; Sedative Disorders; Cocaine Disorders; Stimulant Disorders; Opioid Overdose; Drug Overdose,65347.408,5.12
53,11,26,1994209,132,,Alcohol Disorders; Cocaine Disorders; Hallucinogen Disorders; Other Psychoactive Substances; Opioid Overdose; Drug Overdose,76700.34615384616,5.076923076923077
54,1,1,5601,2,Government (Medicare),Opioid Disorders,5601.0,2.0
54,4,1,12754,3,Self-Pay,Alcohol Disorders,12754.0,3.0
54,7,1,29582,3,,Opioid Overdose,29582.0,3.0
55,1,51,3294635,283,Government (Medicare),Alcohol Disorders; Opioid Disorders; Sedative Disorders; Stimulant Disorders; Other Substance Related; Opioid Overdose; Drug Overdose,64600.686274509804,5.549019607843137
55,2,71,7428852,403,Government (Medicaid),Alcohol Disorders; Opioid Disorders; Cannabis Disorders; Stimulant Disorders; Other Psychoactive Substances; Other Substance Related; Opioid Overdose; Drug Overdose,104631.71830985915,5.676056338028169
55,4,37,1902796,135,Self-Pay,Alcohol Disorders; Cocaine Disorders; Other Substance Related; Opioid Overdose; Drug Overdose,51426.91891891892,3.6486486486486487
55,5,137,6803470,602,,Alcohol Disorders; Opioid Disorders; Sedative Disorders; Cocaine Disorders; Stimulant Disorders; Other Psychoactive Substances; Other Substance Related; Opioid Overdose; Drug Overdose,49660.36496350365,4.394160583941606
55,6,95,2122564,171,,Alcohol Disorders; Opioid Disorders; Cannabis Disorders; Stimulant Disorders; Hallucinogen Disorders; Other Substance Related; Opioid Overdose; Other Drug Overdose; Drug Overdose,22342.77894736842,1.8
55,7,53,2830393,237,,Alcohol Disorders; Cocaine Disorders; Other Psychoactive Substances; Other Substance Related; Opioid Overdose; Drug Overdose,53403.64150943396,4.471698113207547
55,8,92,4359566,345,,Alcohol Disorders; Opioid Disorders; Stimulant Disorders; Other Psychoactive Substances; Other Substance Related; Opioid Overdose; Drug Overdose,47386.586956521736,3.75
55,11,50,1884556,154,,Alcohol Disorders; Opioid Disorders; Cannabis Disorders; Stimulant Disorders; Other Substance Related; Opioid Overdose; Drug Overdose,37691.12,3.08
57,1,82,3223718,312,Government (Medicare),Alcohol Disorders; Sedative Disorders; Stimulant Disorders; Other Psychoactive Substances; Other Substance Related; Opioid Overdose; Drug Overdose,39313.634146341465,3.8048780487804876
57,3,197,5501679,781,Private (Commercial),Alcohol Disorders; Opioid Disorders; Sedative Disorders; Cocaine Disorders; Stimulant Disorders; Other Psychoactive Substances; Other Substance Related; Opioid Overdose; Drug Overdose,27927.304568527918,3.964467005076142
57,5,1,59350,6,,Opioid Overdose,59350.0,6.0
57,7,37,961532,115,,Alcohol Disorders; Cannabis Disorders; Stimulant Disorders; Other Psychoactive Substances; Other Substance Related; Drug Overdose,25987.35135135135,3.108108108108108
57,8,21,530914,71,,Alcohol Disorders; Sedative Disorders; Stimulant Disorders; Other Psychoactive Substances; Opioid Overdose; Drug Overdose,25281.619047619046,3.380952380952381
57,10,15,256243,43,,Alcohol Disorders; Stimulant Disorders; Other Substance Related; Drug Overdose,17082.866666666665,2.8666666666666667
57,11,37,716517,107,,Alcohol Disorders; Opioid Disorders; Sedative Disorders; Stimulant Disorders; Other Substance Related; Opioid Overdose; Drug Overdose,19365.324324324323,2.891891891891892
58,1,3,43689,6,Government (Medicare),Alcohol Disorders; Drug Overdose,14563.0,2.0
58,2,11,187987,24,Government (Medicaid),Alcohol Disorders; Other Substance Related; Opioid Overdose,17089.727272727272,2.1818181818181817
58,3,2,36124,6,Private (Commercial),Alcohol Disorders,18062.0,3.0
58,4,5,133018,19,Self-Pay,Alcohol Disorders; Drug Overdose,26603.6,3.8
58,5,16,301844,35,,Alcohol Disorders; Other Substance Related; Drug Overdose,18865.25,2.1875
58,7,2,32329,5,,Alcohol Disorders,16164.5,2.5
58,8,14,232447,25,,Alcohol Disorders; Other Substance Related; Drug Overdose,16603.35714285714,1.7857142857142858
58,11,11,153275,25,,Alcohol Disorders; Cannabis Disorders,13934.09090909091,2.272727272727273
59,1,8,235501,36,Government (Medicare),Alcohol Disorders; Other Substance Related; Drug Overdose,29437.625,4.5
59,2,16,415282,57,Government (Medicaid),Alcohol Disorders; Opioid Disorders; Sedative Disorders; Other Substance Related,25955.125,3.5625
59,4,10,249652,33,Self-Pay,Alcohol Disorders; Stimulant Disorders; Other Substance Related; Opioid Overdose; Drug Overdose,24965.2,3.3
59,5,69,1413229,230,,Alcohol Disorders; Opioid Disorders; Stimulant Disorders; Other Substance Related; Opioid Overdose; Drug Overdose,20481.579710144928,3.3333333333333335
59,6,25,354097,44,,Alcohol Disorders; Opioid Disorders; Cannabis Disorders; Other Substance Related; Opioid Overdose; Drug Overdose,14163.88,1.76
59,7,34,841730,120,,Alcohol Disorders; Opioid Disorders; Sedative Disorders; Other Substance Related; Drug Overdose,24756.764705882353,3.5294117647058822
59,8,31,704175,105,,Alcohol Disorders; Opioid Disorders; Other Substance Related; Drug Overdose,22715.322580645163,3.3870967741935485
59,11,10,95671,23,,Alcohol Disorders; Opioid Disorders; Drug Overdose,9567.1,2.3
60,1,28,1251487,113,Government (Medicare),Alcohol Disorders; Opioid Disorders; Other Substance Related; Opioid Overdose; Drug Overdose,44695.96428571428,4.035714285714286
60,2,27,1230335,105,Government (Medicaid),Alcohol Disorders; Sedative Disorders; Other Substance Related; Opioid Overdose; Drug Overdose,45567.96296296296,3.888888888888889
60,3,39,1649253,141,Private (Commercial),Alcohol Disorders; Opioid Disorders; Stimulant Disorders; Other Substance Related; Opioid Overdose; Drug Overdose,42288.53846153846,3.6153846153846154
60,4,9,421778,37,Self-Pay,Alcohol Disorders; Other Substance Related; Opioid Overdose,46864.22222222222,4.111111111111111
60,7,14,646862,42,,Alcohol Disorders; Cannabis Disorders; Other Substance Related; Drug Overdose,46204.42857142857,3.0
60,8,15,1019475,65,,Alcohol Disorders; Stimulant Disorders; Drug Overdose,67965.0,4.333333333333333
60,10,1,17143,2,,Alcohol Disorders,17143.0,2.0
60,11,2,48044,6,,Stimulant Disorders; Drug Overdose,24022.0,3.0
62,1,1,14490,2,Government (Medicare),Drug Overdose,14490.0,2.0
62,3,6,472917,37,Private (Commercial),Sedative Disorders; Other Substance Related; Drug Overdose,78819.5,6.166666666666667
62,7,34,1244075,118,,Alcohol Disorders; Other Substance Related; Opioid Overdose; Drug Overdose,36590.44117647059,3.4705882352941178
62,8,37,1161424,109,,Alcohol Disorders; Cannabis Disorders; Other Substance Related; Opioid Overdose; Drug Overdose,31389.837837837837,2.945945945945946
62,10,2,53139,4,,Opioid Overdose,26569.5,2.0
62,11,7,733976,24,,Drug Overdose,104853.71428571429,3.4285714285714284
63,1,45,3038625,256,Government (Medicare),Alcohol Disorders; Sedative Disorders; Other Substance Related; Opioid Overdose; Drug Overdose,67525.0,5.688888888888889
63,2,40,2648057,235,Government (Medicaid),Alcohol Disorders; Opioid Disorders; Sedative Disorders; Stimulant Disorders; Other Substance Related; Opioid Overdose; Drug Overdose,66201.425,5.875
63,3,78,4102806,364,Private (Commercial),Alcohol Disorders; Opioid Disorders; Cannabis Disorders; Other Psychoactive Substances; Other Substance Related; Opioid Overdose; Drug Overdose,52600.07692307692,4.666666666666667
63,4,18,867620,75,Self-Pay,Alcohol Disorders; Opioid Disorders; Sedative Disorders; Other Substance Related; Opioid Overdose; Drug Overdose,48201.11111111111,4.166666666666667
63,6,1,144902,15,,Alcohol Disorders,144902.0,15.0
63,7,30,2209272,139,,Other Substance Related; Alcohol Disorders; Other Psychoactive Substances; Opioid Overdose; Drug Overdose,73642.4,4.633333333333334
63,8,17,767717,62,,Other Substance Related; Alcohol Disorders; Other Psychoactive Substances; Opioid Overdose; Drug Overdose,45159.82352941176,3.6470588235294117
63,10,2,63034,5,,Alcohol Disorders; Other Substance Related,31517.0,2.5
63,11,2,50505,2,,Opioid Overdose,25252.5,1.0
64,1,14,683379,65,Government (Medicare),Alcohol Disorders; Other Substance Related; Drug Overdose,48812.78571428572,4.642857142857143
64,2,29,1862425,169,Government (Medicaid),Alcohol Disorders; Other Substance Related; Opioid Overdose; Drug Overdose,64221.55172413793,5.827586206896552
64,3,11,357232,35,Private (Commercial),Alcohol Disorders; Drug Overdose,32475.636363636364,3.1818181818181817
64,4,57,2007717,171,Self-Pay,Alcohol Disorders; Opioid Disorders; Cocaine Disorders; Stimulant Disorders; Other Psychoactive Substances; Other Substance Related; Opioid Overdose; Drug Overdose,35223.10526315789,3.0
64,7,26,954169,88,,Alcohol Disorders; Opioid Disorders; Opioid Overdose; Drug Overdose,36698.807692307695,3.3846153846153846
64,8,7,205658,14,,Alcohol Disorders; Other Substance Related; Drug Overdose,29379.714285714286,2.0
64,11,8,206478,16,,Alcohol Disorders; Other Substance Related,25809.75,2.0
65,1,2,49024,23,Government (Medicare),Opioid Disorders; Other Substance Related,24512.0,11.5
65,2,3,100213,13,Government (Medicaid),Alcohol Disorders; Sedative Disorders,33404.333333333336,4.333333333333333
65,3,1,18601,2,Private (Commercial),Alcohol Disorders,18601.0,2.0
65,4,7,158426,17,Self-Pay,Alcohol Disorders; Sedative Disorders,22632.285714285714,2.4285714285714284
65,5,10,282875,33,,Alcohol Disorders,28287.5,3.3
65,7,9,381722,47,,Alcohol Disorders; Other Substance Related; Drug Overdose,42413.555555555555,5.222222222222222
65,8,8,210398,23,,Alcohol Disorders; Other Substance Related; Opioid Overdose,26299.75,2.875
65,11,4,92283,9,,Alcohol Disorders; Other Substance Related,23070.75,2.25
66,1,2,24676,4,Government (Medicare),Other Substance Related; Drug Overdose,12338.0,2.0
67,1,4,115230,11,Government (Medicare),Other Substance Related; Drug Overdose,28807.5,2.75
67,2,1,28650,4,Government (Medicaid),Alcohol Disorders,28650.0,4.0
67,3,1,20824,3,Private (Commercial),Alcohol Disorders,20824.0,3.0
67,4,1,17773,1,Self-Pay,Drug Overdose,17773.0,1.0
67,5,1,103315,11,,Alcohol Disorders,103315.0,11.0
68,1,1,140543,4,Government (Medicare),Other Substance Related,140543.0,4.0
68,2,3,155611,9,Government (Medicaid),Alcohol Disorders; Other Substance Related,51870.333333333336,3.0
68,4,12,401475,25,Self-Pay,Alcohol Disorders; Other Substance Related; Opioid Overdose; Drug Overdose,33456.25,2.0833333333333335
68,7,8,413269,23,,Alcohol Disorders; Other Substance Related; Drug Overdose,51658.625,2.875
68,8,1,38634,3,,Stimulant Disorders,38634.0,3.0
68,11,2,46309,4,,Alcohol Disorders; Drug Overdose,23154.5,2.0
69,1,6,54114,13,Government (Medicare),Alcohol Disorders; Opioid Disorders; Other Substance Related,9019.0,2.1666666666666665
69,2,4,76434,11,Government (Medicaid),Alcohol Disorders; Opioid Disorders,19108.5,2.75
69,3,1,10650,4,Private (Commercial),Opioid Disorders,10650.0,4.0
69,4,2,31728,5,Self-Pay,Alcohol Disorders,15864.0,2.5
69,5,1,8230,2,,Alcohol Disorders,8230.0,2.0
69,7,2,35824,6,,Alcohol Disorders,17912.0,3.0
69,8,4,78424,11,,Alcohol Disorders; Other Substance Related,19606.0,2.75
69,11,4,62975,7,,Alcohol Disorders,15743.75,1.75
70,1,14,353833,29,Government (Medicare),Alcohol Disorders; Other Substance Related; Opioid Overdose,25273.785714285714,2.0714285714285716
70,2,9,254427,33,Government (Medicaid),Alcohol Disorders; Opioid Overdose; Drug Overdose,28269.666666666668,3.6666666666666665
70,3,2,25198,3,Private (Commercial),Alcohol Disorders,12599.0,1.5
70,4,1,31199,1,Self-Pay,Drug Overdose,31199.0,1.0
70,5,5,150815,12,,Alcohol Disorders; Opioid Overdose; Drug Overdose,30163.0,2.4
70,6,1,109472,9,,Alcohol Disorders,109472.0,9.0
70,7,2,50818,5,,Alcohol Disorders; Other Substance Related,25409.0,2.5
70,11,5,186582,24,,Alcohol Disorders; Other Substance Related; Opioid Overdose; Drug Overdose,37316.4,4.8
71,1,6,159073,28,Government (Medicare),Alcohol Disorders; Other Substance Related; Opioid Overdose; Drug Overdose,26512.166666666668,4.666666666666667
71,2,22,535469,93,Government (Medicaid),Alcohol Disorders; Other Substance Related; Opioid Overdose; Drug Overdose,24339.5,4.2272727272727275
71,3,10,216574,30,Private (Commercial),Alcohol Disorders; Other Substance Related; Drug Overdose,21657.4,3.0
71,4,4,93392,14,Self-Pay,Stimulant Disorders; Opioid Overdose; Drug Overdose,23348.0,3.5
71,5,32,773503,152,,Alcohol Disorders; Other Substance Related; Opioid Overdose; Drug Overdose,24171.96875,4.75
71,7,4,75997,14,,Alcohol Disorders; Opioid Overdose; Drug Overdose,18999.25,3.5
71,8,12,146334,21,,Alcohol Disorders; Opioid Disorders; Other Psychoactive Substances; Opioid Overdose; Drug Overdose,12194.5,1.75
71,11,11,139352,19,,Alcohol Disorders; Opioid Overdose; Drug Overdose,12668.363636363636,1.7272727272727273
77,1,24,1223981,109,Government (Medicare),Alcohol Disorders; Cannabis Disorders; Other Substance Related; Opioid Overdose; Drug Overdose,50999.208333333336,4.541666666666667
77,2,36,1962511,189,Government (Medicaid),Alcohol Disorders; Sedative Disorders; Other Substance Related; Opioid Overdose; Drug Overdose,54514.194444444445,5.25
77,3,92,4259166,437,Private (Commercial),Alcohol Disorders; Stimulant Disorders; Other Substance Related; Opioid Overdose; Drug Overdose,46295.282608695656,4.75
77,4,6,296379,28,Self-Pay,Alcohol Disorders; Opioid Disorders; Drug Overdose,49396.5,4.666666666666667
77,6,2,41237,2,,Alcohol Disorders,20618.5,1.0
77,7,13,558012,43,,Alcohol Disorders; Other Substance Related; Drug Overdose,42924.0,3.3076923076923075
77,8,14,842296,74,,Alcohol Disorders; Other Substance Related; Opioid Overdose; Drug Overdose,60164.0,5.285714285714286
77,10,7,265370,28,,Alcohol Disorders; Other Substance Related; Drug Overdose,37910.0,4.0
77,11,1,20457,1,,Alcohol Disorders,20457.0,1.0
79,1,2,48929,5,Government (Medicare),Alcohol Disorders,24464.5,2.5
79,2,7,363191,36,Government (Medicaid),Alcohol Disorders; Other Substance Related; Opioid Overdose; Drug Overdose,51884.42857142857,5.142857142857143
79,3,9,400915,27,Private (Commercial),Alcohol Disorders; Drug Overdose,44546.11111111111,3.0
79,4,2,79774,4,Self-Pay,Alcohol Disorders; Opioid Overdose,39887.0,2.0
79,7,5,171331,18,,Alcohol Disorders,34266.2,3.6
79,8,2,72119,9,,Alcohol Disorders,36059.5,4.5
79,10,1,27058,2,,Alcohol Disorders,27058.0,2.0
81,1,40,1979104,204,Government (Medicare),Alcohol Disorders; Sedative Disorders; Other Substance Related; Opioid Overdose,49477.6,5.1
81,2,17,819978,63,Government (Medicaid),Alcohol Disorders; Other Substance Related; Opioid Overdose; Drug Overdose,48234.0,3.7058823529411766
81,3,22,859722,69,Private (Commercial),Alcohol Disorders; Opioid Disorders; Sedative Disorders; Other Psychoactive Substances; Other Substance Related; Opioid Overdose; Drug Overdose,39078.27272727273,3.1363636363636362
81,7,85,4419900,460,,Alcohol Disorders; Opioid Disorders; Cannabis Disorders; Stimulant Disorders; Other Psychoactive Substances; Other Substance Related; Opioid Overdose; Drug Overdose,51998.82352941176,5.411764705882353
81,8,102,5632494,563,,Alcohol Disorders; Opioid Disorders; Stimulant Disorders; Other Psychoactive Substances; Other Substance Related; Opioid Overdose; Drug Overdose,55220.529411764706,5.519607843137255
81,11,13,622837,68,,Alcohol Disorders; Opioid Disorders; Cannabis Disorders; Other Substance Related; Opioid Overdose; Drug Overdose,47910.53846153846,5.230769230769231
82,1,55,2447369,249,Government (Medicare),Other Substance Related; Alcohol Disorders; Stimulant Disorders; Opioid Overdose; Drug Overdose,44497.61818181818,4.527272727272727
82,2,59,2933527,327,Government (Medicaid),Alcohol Disorders; Opioid Disorders; Sedative Disorders; Other Psychoactive Substances; Other Substance Related; Opioid Overdose; Drug Overdose,49720.79661016949,5.5423728813559325
82,3,13,420239,39,Private (Commercial),Alcohol Disorders; Opioid Disorders; Cocaine Disorders; Other Substance Related,32326.076923076922,3.0
82,4,7,454998,31,Self-Pay,Alcohol Disorders; Other Substance Related; Opioid Overdose; Drug Overdose,64999.71428571428,4.428571428571429
82,5,33,921028,109,,Alcohol Disorders; Opioid Disorders; Sedative Disorders; Other Substance Related; Opioid Overdose; Drug Overdose,27909.939393939392,3.303030303030303
82,6,29,952370,100,,Alcohol Disorders; Stimulant Disorders; Other Substance Related; Opioid Overdose,32840.34482758621,3.4482758620689653
82,7,25,821636,94,,Alcohol Disorders; Cannabis Disorders; Other Substance Related; Opioid Overdose; Drug Overdose,32865.44,3.76
82,8,27,1181490,120,,Alcohol Disorders; Other Psychoactive Substances; Other Substance Related; Opioid Overdose; Other Drug Overdose; Drug Overdose,43758.88888888889,4.444444444444445
82,10,1,61373,6,,Other Substance Related,61373.0,6.0
82,11,12,525192,46,,Alcohol Disorders; Cocaine Disorders; Other Substance Related; Opioid Overdose; Drug Overdose,43766.0,3.8333333333333335
83,1,11,290880,28,Government (Medicare),Alcohol Disorders,26443.636363636364,2.5454545454545454
83,2,10,292915,24,Government (Medicaid),Alcohol Disorders; Other Substance Related; Opioid Overdose,29291.5,2.4
83,3,1,30178,3,Private (Commercial),Alcohol Disorders,30178.0,3.0
83,4,1,18763,3,Self-Pay,Alcohol Disorders,18763.0,3.0
83,5,8,174761,21,,Alcohol Disorders,21845.125,2.625
83,7,5,125898,14,,Alcohol Disorders,25179.6,2.8
83,8,15,380439,32,,Alcohol Disorders; Other Substance Related,25362.6,2.1333333333333333
83,10,6,101716,12,,Alcohol Disorders,16952.666666666668,2.0
83,11,5,71884,6,,Alcohol Disorders; Other Substance Related,14376.8,1.2
85,1,5,161701,18,Government (Medicare),Alcohol Disorders; Opioid Disorders,32340.2,3.6
85,2,1,51276,6,Government (Medicaid),Drug Overdose,51276.0,6.0
85,3,5,155545,14,Private (Commercial),Alcohol Disorders; Opioid Overdose,31109.0,2.8
85,4,14,402976,44,Self-Pay,Alcohol Disorders; Stimulant Disorders; Other Substance Related; Opioid Overdose; Drug Overdose,28784.0,3.142857142857143
85,8,4,131171,10,,Alcohol Disorders,32792.75,2.5
85,11,1,16971,3,,Alcohol Disorders,16971.0,3.0
87,1,12,502588,53,Government (Medicare),Alcohol Disorders; Other Substance Related; Opioid Overdose,41882.333333333336,4.416666666666667
87,2,7,279322,38,Government (Medicaid),Alcohol Disorders; Other Substance Related; Opioid Overdose; Drug Overdose,39903.142857142855,5.428571428571429
87,3,3,83440,9,Private (Commercial),Alcohol Disorders; Opioid Disorders; Opioid Overdose,27813.333333333332,3.0
87,4,4,101027,15,Self-Pay,Alcohol Disorders; Opioid Overdose; Drug Overdose,25256.75,3.75
87,5,20,956700,115,,Alcohol Disorders; Stimulant Disorders; Opioid Overdose; Drug Overdose,47835.0,5.75
87,7,4,185947,18,,Opioid Overdose; Drug Overdose,46486.75,4.5
87,8,6,327493,47,,Alcohol Disorders; Opioid Overdose; Drug Overdose,54582.166666666664,7.833333333333333
87,11,3,58598,9,,Stimulant Disorders; Drug Overdose,19532.666666666668,3.0
88,1,2,79976,7,Government (Medicare),Other Substance Related,39988.0,3.5
88,2,5,251968,15,Government (Medicaid),Alcohol Disorders; Other Substance Related; Opioid Overdose,50393.6,3.0
88,4,2,227173,9,Self-Pay,Alcohol Disorders; Drug Overdose,113586.5,4.5
88,7,3,226223,9,,Alcohol Disorders; Drug Overdose,75407.66666666667,3.0
88,10,1,28478,3,,Alcohol Disorders,28478.0,3.0
88,11,1,18035,1,,Other Psychoactive Substances,18035.0,1.0
90,2,3,85196,6,Government (Medicaid),Alcohol Disorders; Other Substance Related; Opioid Overdose,28398.666666666668,2.0
90,4,1,10653,2,Self-Pay,Alcohol Disorders,10653.0,2.0
90,5,2,41451,3,,Alcohol Disorders,20725.5,1.5
90,7,5,104388,12,,Alcohol Disorders; Opioid Overdose; Drug Overdose,20877.6,2.4
90,8,2,48762,4,,Alcohol Disorders; Other Substance Related,24381.0,2.0
90,11,2,52872,3,,Alcohol Disorders,26436.0,1.5
91,1,1,11512,3,Government (Medicare),Opioid Overdose,11512.0,3.0
91,7,3,49139,11,,Alcohol Disorders; Drug Overdose,16379.666666666666,3.6666666666666665
92,2,1,5398,2,Government (Medicaid),Stimulant Disorders,5398.0,2.0
92,7,1,14447,3,,Other Substance Related,14447.0,3.0
92,11,1,3585,1,,Alcohol Disorders,3585.0,1.0
93,1,1,5983,2,Government (Medicare),Other Substance Related,5983.0,2.0
93,3,2,58784,9,Private (Commercial),Alcohol Disorders; Sedative Disorders,29392.0,4.5
93,4,1,20772,3,Self-Pay,Alcohol Disorders,20772.0,3.0
93,7,1,14563,1,,Alcohol Disorders,14563.0,1.0
93,8,1,28606,2,,Alcohol Disorders,28606.0,2.0
93,11,1,15010,2,,Alcohol Disorders,15010.0,2.0
94,1,57,2014328,235,Government (Medicare),Alcohol Disorders; Opioid Disorders; Cannabis Disorders; Sedative Disorders; Stimulant Disorders; Other Psychoactive Substances; Other Substance Related; Opioid Overdose; Drug Overdose,35339.087719298244,4.12280701754386
94,2,82,2369057,287,Government (Medicaid),Alcohol Disorders; Opioid Disorders; Cannabis Disorders; Sedative Disorders; Cocaine Disorders; Other Psychoactive Substances; Other Substance Related; Opioid Overdose; Drug Overdose,28890.939024390245,3.5
94,3,30,483458,68,Private (Commercial),Alcohol Disorders; Opioid Disorders; Stimulant Disorders; Other Psychoactive Substances; Other Substance Related; Opioid Overdose; Drug Overdose,16115.266666666666,2.2666666666666666
94,4,44,1038233,155,Self-Pay,Other Substance Related; Alcohol Disorders; Opioid Disorders; Sedative Disorders; Cocaine Disorders; Stimulant Disorders; Other Psychoactive Substances; Opioid Overdose; Drug Overdose,23596.204545454544,3.522727272727273
94,5,153,3082253,438,,Alcohol Disorders; Opioid Disorders; Cannabis Disorders; Sedative Disorders; Cocaine Disorders; Stimulant Disorders; Other Substance Related; Opioid Overdose; Drug Overdose,20145.444444444445,2.8627450980392157
94,7,29,586963,84,,Alcohol Disorders; Opioid Disorders; Cannabis Disorders; Sedative Disorders; Stimulant Disorders; Other Substance Related; Opioid Overdose; Drug Overdose,20240.103448275862,2.896551724137931
94,8,24,448073,81,,Alcohol Disorders; Cocaine Disorders; Stimulant Disorders; Other Substance Related; Opioid Overdose; Drug Overdose,18669.708333333332,3.375
94,10,8,207640,35,,Alcohol Disorders; Cannabis Disorders; Stimulant Disorders; Other Substance Related,25955.0,4.375
94,11,15,224232,34,,Alcohol Disorders; Stimulant Disorders; Other Psychoactive Substances; Opioid Overdose; Drug Overdose,14948.8,2.2666666666666666
97,2,1,13062,3,Government (Medicaid),Drug Overdose,13062.0,3.0
99,1,6,163419,18,Government (Medicare),Alcohol Disorders,27236.5,3.0
99,2,6,281180,27,Government (Medicaid),Alcohol Disorders; Opioid Disorders,46863.333333333336,4.5
99,3,4,92099,7,Private (Commercial),Alcohol Disorders; Stimulant Disorders,23024.75,1.75
99,4,12,521455,46,Self-Pay,Alcohol Disorders; Drug Overdose,43454.583333333336,3.8333333333333335
99,5,6,185458,14,,Alcohol Disorders,30909.666666666668,2.3333333333333335
99,7,9,216759,22,,Alcohol Disorders; Drug Overdose,24084.333333333332,2.4444444444444446
99,8,9,182705,17,,Alcohol Disorders; Other Substance Related,20300.555555555555,1.8888888888888888
99,11,2,29062,3,,Alcohol Disorders; Sedative Disorders,14531.0,1.5
101,1,6,178334,25,Government (Medicare),Alcohol Disorders; Other Substance Related; Opioid Overdose,29722.333333333332,4.166666666666667
101,2,1,29235,4,Government (Medicaid),Opioid Overdose,29235.0,4.0
101,3,1,16988,3,Private (Commercial),Opioid Overdose,16988.0,3.0
101,4,1,8340,1,Self-Pay,Drug Overdose,8340.0,1.0
101,5,4,154281,16,,Alcohol Disorders; Opioid Overdose; Drug Overdose,38570.25,4.0
101,7,2,28843,3,,Drug Overdose,14421.5,1.5
101,8,1,35309,6,,Drug Overdose,35309.0,6.0
101,11,3,74824,10,,Other Substance Related; Drug Overdose,24941.333333333332,3.3333333333333335
102,1,5,161273,22,Government (Medicare),Alcohol Disorders; Sedative Disorders; Opioid Overdose; Drug Overdose,32254.6,4.4
102,2,5,181380,17,Government (Medicaid),Other Substance Related; Opioid Overdose; Drug Overdose,36276.0,3.4
102,3,5,154677,17,Private (Commercial),Alcohol Disorders; Stimulant Disorders,30935.4,3.4
102,4,8,199107,27,Self-Pay,Alcohol Disorders,24888.375,3.375
102,5,27,987876,93,,Alcohol Disorders; Sedative Disorders; Other Substance Related; Drug Overdose,36588.0,3.4444444444444446
102,8,12,494894,38,,Alcohol Disorders; Other Substance Related; Opioid Overdose; Drug Overdose,41241.166666666664,3.1666666666666665
102,10,1,13872,1,,Alcohol Disorders,13872.0,1.0
102,11,6,115282,10,,Alcohol Disorders; Drug Overdose,19213.666666666668,1.6666666666666667
103,1,32,1332045,127,Government (Medicare),Alcohol Disorders; Opioid Disorders; Other Substance Related; Opioid Overdose; Drug Overdose,41626.40625,3.96875
103,2,35,1875215,165,Government (Medicaid),Alcohol Disorders; Sedative Disorders; Other Substance Related; Opioid Overdose; Drug Overdose,53577.57142857143,4.714285714285714
103,3,11,455985,48,Private (Commercial),Alcohol Disorders; Opioid Disorders; Other Substance Related; Opioid Overdose; Drug Overdose,41453.181818181816,4.363636363636363
103,4,25,722611,71,Self-Pay,Alcohol Disorders; Cannabis Disorders; Other Substance Related; Opioid Overdose; Drug Overdose,28904.44,2.84
103,5,64,2669598,227,,Alcohol Disorders; Stimulant Disorders; Other Substance Related; Opioid Overdose; Drug Overdose,41712.46875,3.546875
103,6,9,144751,14,,Alcohol Disorders; Opioid Disorders; Cannabis Disorders; Opioid Overdose; Drug Overdose,16083.444444444445,1.5555555555555556
103,7,41,1061281,103,,Alcohol Disorders; Stimulant Disorders; Other Substance Related; Opioid Overdose; Drug Overdose,25884.90243902439,2.5121951219512195
103,8,17,682322,77,,Alcohol Disorders; Other Substance Related; Opioid Overdose; Drug Overdose,40136.58823529412,4.529411764705882
103,10,6,296301,34,,Alcohol Disorders; Other Substance Related; Drug Overdose,49383.5,5.666666666666667
103,11,10,262192,22,,Alcohol Disorders; Other Substance Related; Opioid Overdose; Drug Overdose,26219.2,2.2
105,1,20,711136,65,Government (Medicare),Alcohol Disorders; Opioid Disorders; Other Substance Related; Opioid Overdose; Drug Overdose,35556.8,3.25
105,2,33,1283940,138,Government (Medicaid),Alcohol Disorders; Opioid Disorders; Other Substance Related; Opioid Overdose; Drug Overdose,38907.27272727273,4.181818181818182
105,3,6,144179,16,Private (Commercial),Alcohol Disorders; Other Substance Related; Opioid Overdose; Drug Overdose,24029.833333333332,2.6666666666666665
105,4,11,385237,39,Self-Pay,Alcohol Disorders; Other Substance Related; Opioid Overdose,35021.545454545456,3.5454545454545454
105,5,45,1760797,195,,Alcohol Disorders; Other Substance Related; Opioid Overdose; Drug Overdose,39128.822222222225,4.333333333333333
105,6,1,35737,4,,Alcohol Disorders,35737.0,4.0
105,7,19,755460,65,,Alcohol Disorders; Other Substance Related; Opioid Overdose; Drug Overdose,39761.05263157895,3.4210526315789473
105,8,15,747243,71,,Alcohol Disorders; Other Substance Related; Drug Overdose,49816.2,4.733333333333333
105,10,10,270538,42,,Alcohol Disorders; Other Substance Related; Opioid Overdose; Drug Overdose,27053.8,4.2
105,11,2,59431,6,,Alcohol Disorders,29715.5,3.0
107,1,2,48784,10,Government (Medicare),Alcohol Disorders,24392.0,5.0
107,2,6,175266,37,Government (Medicaid),Alcohol Disorders; Other Substance Related; Drug Overdose,29211.0,6.166666666666667
107,3,1,21859,4,Private (Commercial),Alcohol Disorders,21859.0,4.0
107,4,2,55854,8,Self-Pay,Alcohol Disorders,27927.0,4.0
107,5,4,101263,19,,Alcohol Disorders,25315.75,4.75
107,6,2,51112,8,,Alcohol Disorders,25556.0,4.0
107,7,2,23471,3,,Alcohol Disorders,11735.5,1.5
107,8,5,101605,17,,Alcohol Disorders; Cannabis Disorders,20321.0,3.4
108,1,41,2687820,193,Government (Medicare),Alcohol Disorders; Cannabis Disorders; Sedative Disorders; Stimulant Disorders; Other Psychoactive Substances; Other Substance Related; Opioid Overdose; Drug Overdose,65556.58536585367,4.7073170731707314
108,3,125,6953448,699,Private (Commercial),Alcohol Disorders; Opioid Disorders; Cannabis Disorders; Sedative Disorders; Cocaine Disorders; Stimulant Disorders; Other Psychoactive Substances; Opioid Overdose; Drug Overdose,55627.584,5.592
108,7,15,1141782,67,,Alcohol Disorders; Cannabis Disorders; Stimulant Disorders; Opioid Overdose; Drug Overdose,76118.8,4.466666666666667
108,8,5,229664,28,,Alcohol Disorders; Cannabis Disorders; Stimulant Disorders,45932.8,5.6
108,10,19,955926,78,,Alcohol Disorders; Opioid Disorders; Cocaine Disorders; Stimulant Disorders; Other Psychoactive Substances; Other Substance Related; Drug Overdose,50311.89473684211,4.105263157894737
108,11,19,718335,83,,Alcohol Disorders; Opioid Disorders; Sedative Disorders; Stimulant Disorders; Other Psychoactive Substances; Drug Overdose,37807.10526315789,4.368421052631579
108,12,4,0,33,,Alcohol Disorders; Cannabis Disorders,0.0,8.25
109,1,52,2404158,249,Government (Medicare),Alcohol Disorders; Stimulant Disorders; Other Substance Related; Opioid Overdose; Drug Overdose,46233.807692307695,4.788461538461538
109,2,38,1324966,144,Government (Medicaid),Alcohol Disorders; Opioid Disorders; Stimulant Disorders; Other Substance Related; Drug Overdose,34867.52631578947,3.789473684210526
109,3,9,193221,21,Private (Commercial),Alcohol Disorders; Stimulant Disorders; Other Substance Related; Opioid Overdose; Drug Overdose,21469.0,2.3333333333333335
109,4,22,739045,76,Self-Pay,Alcohol Disorders; Stimulant Disorders; Other Substance Related; Opioid Overdose; Drug Overdose,33592.954545454544,3.4545454545454546
109,5,69,2014055,233,,Alcohol Disorders; Opioid Disorders; Sedative Disorders; Stimulant Disorders; Other Substance Related; Drug Overdose,29189.202898550724,3.3768115942028984
109,6,2,57623,9,,Alcohol Disorders; Other Substance Related,28811.5,4.5
109,7,81,2566932,302,,Alcohol Disorders; Stimulant Disorders; Other Psychoactive Substances; Other Substance Related; Opioid Overdose; Drug Overdose,31690.51851851852,3.728395061728395
109,8,20,579421,69,,Alcohol Disorders; Drug Overdose,28971.05,3.45
109,10,12,312801,46,,Alcohol Disorders; Cannabis Disorders; Other Substance Related; Drug Overdose,26066.75,3.8333333333333335
109,11,17,343441,34,,Alcohol Disorders; Stimulant Disorders; Drug Overdose,20202.41176470588,2.0
110,1,8,255970,24,Government (Medicare),Other Substance Related; Drug Overdose,31996.25,3.0
110,2,16,711294,85,Government (Medicaid),Alcohol Disorders; Opioid Disorders; Sedative Disorders; Other Substance Related; Opioid Overdose; Drug Overdose,44455.875,5.3125
110,3,5,209860,25,Private (Commercial),Alcohol Disorders; Opioid Overdose; Drug Overdose,41972.0,5.0
110,4,3,127949,13,Self-Pay,Alcohol Disorders; Drug Overdose,42649.666666666664,4.333333333333333
110,5,13,493150,57,,Alcohol Disorders; Opioid Disorders; Opioid Overdose; Drug Overdose,37934.61538461538,4.384615384615385
110,7,10,446116,55,,Alcohol Disorders; Opioid Overdose; Other Drug Overdose,44611.6,5.5
110,8,9,290930,29,,Alcohol Disorders; Other Substance Related; Drug Overdose,32325.555555555555,3.2222222222222223
110,11,4,108139,20,,Alcohol Disorders; Opioid Overdose; Drug Overdose,27034.75,5.0
111,8,1,16336,1,,Other Substance Related,16336.0,1.0
113,1,34,2679569,186,Government (Medicare),Alcohol Disorders; Sedative Disorders; Stimulant Disorders; Other Substance Related; Opioid Overdose; Drug Overdose,78810.85294117648,5.470588235294118
113,2,36,2929695,165,Government (Medicaid),Alcohol Disorders; Opioid Disorders; Sedative Disorders; Other Psychoactive Substances; Other Substance Related; Opioid Overdose; Drug Overdose,81380.41666666667,4.583333333333333
113,3,9,485444,28,Private (Commercial),Alcohol Disorders; Opioid Overdose; Drug Overdose,53938.22222222222,3.111111111111111
113,4,11,670966,48,Self-Pay,Alcohol Disorders; Other Substance Related; Drug Overdose,60996.90909090909,4.363636363636363
113,5,62,3283819,225,,Alcohol Disorders; Cannabis Disorders; Stimulant Disorders; Other Psychoactive Substances; Other Substance Related; Opioid Overdose; Other Drug Overdose; Drug Overdose,52964.82258064516,3.629032258064516
113,6,1,61318,2,,Other Substance Related,61318.0,2.0
113,7,40,2382211,149,,Alcohol Disorders; Opioid Disorders; Sedative Disorders; Other Psychoactive Substances; Other Substance Related; Opioid Overdose; Drug Overdose,59555.275,3.725
113,8,20,1320433,72,,Alcohol Disorders; Sedative Disorders; Other Substance Related; Opioid Overdose; Drug Overdose,66021.65,3.6
113,10,6,443512,29,,Alcohol Disorders; Opioid Overdose; Drug Overdose,73918.66666666667,4.833333333333333
113,11,14,875013,53,,Alcohol Disorders; Opioid Disorders; Cannabis Disorders; Other Substance Related; Drug Overdose,62500.92857142857,3.7857142857142856
114,1,22,497184,90,Government (Medicare),Alcohol Disorders; Opioid Disorders; Sedative Disorders; Stimulant Disorders; Other Psychoactive Substances; Other Substance Related; Opioid Overdose; Drug Overdose,22599.272727272728,4.090909090909091
114,2,25,495087,100,Government (Medicaid),Alcohol Disorders; Stimulant Disorders; Other Psychoactive Substances; Other Substance Related; Opioid Overdose,19803.48,4.0
114,3,11,206386,39,Private (Commercial),Alcohol Disorders; Cannabis Disorders; Other Psychoactive Substances; Drug Overdose,18762.363636363636,3.5454545454545454
114,4,50,733919,215,Self-Pay,Alcohol Disorders; Cannabis Disorders; Stimulant Disorders; Other Psychoactive Substances; Drug Overdose,14678.38,4.3
114,5,65,1336960,287,,Alcohol Disorders; Opioid Disorders; Cannabis Disorders; Stimulant Disorders; Other Psychoactive Substances; Other Substance Related; Opioid Overdose; Drug Overdose,20568.615384615383,4.415384615384616
114,6,20,376680,105,,Alcohol Disorders; Cannabis Disorders; Sedative Disorders; Stimulant Disorders; Other Psychoactive Substances; Drug Overdose,18834.0,5.25
114,7,23,270814,84,,Alcohol Disorders; Stimulant Disorders; Other Psychoactive Substances; Drug Overdose,11774.521739130434,3.652173913043478
114,8,11,181802,27,,Alcohol Disorders; Stimulant Disorders; Other Substance Related,16527.454545454544,2.4545454545454546
114,10,4,69809,15,,Alcohol Disorders,17452.25,3.75
114,11,13,189212,45,,Alcohol Disorders; Stimulant Disorders; Other Psychoactive Substances; Opioid Overdose,14554.76923076923,3.4615384615384617
115,1,1,2668,1,Government (Medicare),Other Substance Related,2668.0,1.0
115,2,1,11466,2,Government (Medicaid),Alcohol Disorders,11466.0,2.0
115,7,2,75353,8,,Alcohol Disorders; Other Substance Related,37676.5,4.0
115,8,1,96918,13,,Drug Overdose,96918.0,13.0
116,1,5,52283,9,Government (Medicare),Alcohol Disorders; Other Substance Related; Drug Overdose,10456.6,1.8
116,2,5,51936,11,Government (Medicaid),Alcohol Disorders; Drug Overdose,10387.2,2.2
116,3,1,53636,8,Private (Commercial),Alcohol Disorders,53636.0,8.0
116,4,2,28404,4,Self-Pay,Alcohol Disorders,14202.0,2.0
116,5,9,161108,21,,Alcohol Disorders,17900.88888888889,2.3333333333333335
116,7,4,65900,8,,Alcohol Disorders,16475.0,2.0
116,8,3,37743,4,,Alcohol Disorders; Opioid Disorders; Other Substance Related,12581.0,1.3333333333333333
116,10,1,25404,3,,Alcohol Disorders,25404.0,3.0
116,11,4,58319,8,,Alcohol Disorders,14579.75,2.0
117,1,3,305775,16,Government (Medicare),Other Substance Related; Opioid Overdose,101925.0,5.333333333333333
117,2,32,2052018,98,Government (Medicaid),Alcohol Disorders; Sedative Disorders; Other Substance Related; Opioid Overdose; Drug Overdose,64125.5625,3.0625
117,3,4,250962,8,Private (Commercial),Alcohol Disorders; Opioid Overdose,62740.5,2.0
117,4,47,2420582,97,Self-Pay,Alcohol Disorders; Opioid Disorders; Cannabis Disorders; Stimulant Disorders; Other Substance Related; Opioid Overdose; Drug Overdose,51501.744680851065,2.0638297872340425
117,7,12,484010,21,,Alcohol Disorders; Cannabis Disorders; Opioid Overdose; Drug Overdose,40334.166666666664,1.75
117,8,10,407241,15,,Alcohol Disorders; Cannabis Disorders; Other Substance Related; Opioid Overdose,40724.1,1.5
117,10,2,91211,6,,Alcohol Disorders; Opioid Disorders,45605.5,3.0
117,11,8,292152,14,,Alcohol Disorders; Drug Overdose,36519.0,1.75
119,1,3,41106,7,Government (Medicare),Stimulant Disorders; Drug Overdose,13702.0,2.3333333333333335
119,2,1,21086,2,Government (Medicaid),Opioid Overdose,21086.0,2.0
119,4,4,69956,10,Self-Pay,Alcohol Disorders; Drug Overdose,17489.0,2.5
119,5,1,27499,2,,Drug Overdose,27499.0,2.0
119,7,5,97583,11,,Other Substance Related; Opioid Overdose; Drug Overdose,19516.6,2.2
120,6,1,13639,1,,Alcohol Disorders,13639.0,1.0
120,7,1,18065,2,,Alcohol Disorders,18065.0,2.0
120,11,1,12216,1,,Alcohol Disorders,12216.0,1.0
121,6,1,11477,1,,Alcohol Disorders,11477.0,1.0
121,8,1,6629,1,,Alcohol Disorders,6629.0,1.0
124,1,4,204416,23,Government (Medicare),Alcohol Disorders; Opioid Overdose,51104.0,5.75
124,3,1,98232,4,Private (Commercial),Drug Overdose,98232.0,4.0
124,7,12,257038,31,,Alcohol Disorders; Opioid Overdose; Drug Overdose,21419.833333333332,2.5833333333333335
124,8,22,1093200,110,,Alcohol Disorders; Sedative Disorders; Other Substance Related; Opioid Overdose; Drug Overdose,49690.90909090909,5.0
124,11,5,104927,12,,Alcohol Disorders; Opioid Overdose; Drug Overdose,20985.4,2.4
125,1,40,1310231,132,Government (Medicare),Alcohol Disorders; Opioid Disorders; Other Substance Related; Opioid Overdose; Drug Overdose,32755.775,3.3
125,2,78,3455011,370,Government (Medicaid),Alcohol Disorders; Other Psychoactive Substances; Other Substance Related; Opioid Overdose; Drug Overdose,44295.01282051282,4.743589743589744
125,3,12,387845,36,Private (Commercial),Alcohol Disorders; Sedative Disorders; Opioid Overdose; Drug Overdose,32320.416666666668,3.0
125,4,19,556854,61,Self-Pay,Alcohol Disorders; Opioid Disorders; Other Substance Related; Opioid Overdose; Drug Overdose,29308.105263157893,3.210526315789474
125,5,45,1800642,266,,Alcohol Disorders; Cannabis Disorders; Inhalant Disorders; Other Substance Related; Opioid Overdose; Drug Overdose,40014.26666666667,5.911111111111111
125,6,3,207494,13,,Opioid Overdose; Drug Overdose,69164.66666666667,4.333333333333333
125,7,31,975850,109,,Alcohol Disorders; Other Substance Related; Opioid Overdose; Drug Overdose,31479.032258064515,3.5161290322580645
125,8,67,3338615,258,,Alcohol Disorders; Opioid Disorders; Cannabis Disorders; Stimulant Disorders; Hallucinogen Disorders; Other Substance Related; Opioid Overdose; Other Drug Overdose; Drug Overdose,49830.07462686567,3.8507462686567164
125,10,7,314382,22,,Other Substance Related; Opioid Overdose; Drug Overdose,44911.71428571428,3.142857142857143
125,11,52,1569773,179,,Alcohol Disorders; Opioid Disorders; Cannabis Disorders; Other Substance Related; Opioid Overdose; Drug Overdose,30187.94230769231,3.4423076923076925
129,1,1,18583,2,Government (Medicare),Alcohol Disorders,18583.0,2.0
129,2,7,281802,47,Government (Medicaid),Alcohol Disorders; Opioid Overdose,40257.42857142857,6.714285714285714
129,4,4,76751,9,Self-Pay,Alcohol Disorders,19187.75,2.25
133,1,9,220643,18,Government (Medicare),Alcohol Disorders; Stimulant Disorders; Other Substance Related; Opioid Overdose,24515.88888888889,2.0
133,2,16,726026,75,Government (Medicaid),Alcohol Disorders; Other Substance Related; Opioid Overdose; Drug Overdose,45376.625,4.6875
133,3,3,84960,7,Private (Commercial),Alcohol Disorders; Drug Overdose,28320.0,2.3333333333333335
133,4,1,24367,2,Self-Pay,Drug Overdose,24367.0,2.0
133,5,15,627620,54,,Alcohol Disorders; Opioid Disorders; Stimulant Disorders; Opioid Overdose; Drug Overdose,41841.333333333336,3.6
133,7,3,87146,7,,Alcohol Disorders; Other Substance Related,29048.666666666668,2.3333333333333335
133,8,8,228370,16,,Alcohol Disorders; Other Substance Related; Drug Overdose,28546.25,2.0
133,10,2,57509,6,,Alcohol Disorders; Other Substance Related,28754.5,3.0
133,11,13,341254,28,,Alcohol Disorders; Other Substance Related; Opioid Overdose; Drug Overdose,26250.30769230769,2.1538461538461537
134,1,31,1309475,126,Government (Medicare),Alcohol Disorders; Other Substance Related; Opioid Overdose; Drug Overdose,42241.12903225807,4.064516129032258
134,2,36,1634693,142,Government (Medicaid),Alcohol Disorders; Opioid Disorders; Sedative Disorders; Other Psychoactive Substances; Other Substance Related; Opioid Overdose; Drug Overdose,45408.13888888889,3.9444444444444446
134,3,7,283840,22,Private (Commercial),Alcohol Disorders; Other Substance Related; Opioid Overdose; Drug Overdose,40548.57142857143,3.142857142857143
134,4,7,246775,23,Self-Pay,Alcohol Disorders; Sedative Disorders; Other Substance Related; Opioid Overdose; Drug Overdose,35253.57142857143,3.2857142857142856
134,5,63,2200931,234,,Alcohol Disorders; Opioid Disorders; Stimulant Disorders; Other Psychoactive Substances; Other Substance Related; Opioid Overdose; Drug Overdose,34935.4126984127,3.7142857142857144
134,6,5,118785,16,,Alcohol Disorders; Stimulant Disorders; Opioid Overdose,23757.0,3.2
134,7,17,709475,57,,Alcohol Disorders; Opioid Disorders; Other Substance Related; Drug Overdose,41733.82352941176,3.3529411764705883
134,8,13,453371,42,,Alcohol Disorders; Other Substance Related; Drug Overdose,34874.692307692305,3.230769230769231
134,10,5,156395,15,,Alcohol Disorders,31279.0,3.0
134,11,16,635958,71,,Alcohol Disorders; Opioid Disorders; Sedative Disorders; Other Substance Related; Opioid Overdose,39747.375,4.4375
136,1,4,72592,15,Government (Medicare),Alcohol Disorders,18148.0,3.75
136,7,4,83444,7,,Alcohol Disorders; Stimulant Disorders; Drug Overdose,20861.0,1.75
136,8,1,46494,12,,Alcohol Disorders,46494.0,12.0
136,11,1,19428,2,,Alcohol Disorders,19428.0,2.0
137,1,17,529444,80,Government (Medicare),Alcohol Disorders; Other Psychoactive Substances; Other Substance Related; Opioid Overdose; Drug Overdose,31143.764705882353,4.705882352941177
137,2,21,1079438,139,Government (Medicaid),Alcohol Disorders; Other Substance Related; Opioid Overdose; Drug Overdose,51401.80952380953,6.619047619047619
137,3,10,398695,44,Private (Commercial),Alcohol Disorders; Opioid Disorders; Opioid Overdose; Drug Overdose,39869.5,4.4
137,4,6,268697,31,Self-Pay,Alcohol Disorders; Opioid Overdose,44782.833333333336,5.166666666666667
137,5,73,2907542,317,,Alcohol Disorders; Opioid Disorders; Stimulant Disorders; Other Substance Related; Opioid Overdose; Drug Overdose,39829.34246575343,4.342465753424658
137,7,21,517296,63,,Alcohol Disorders; Opioid Overdose; Drug Overdose,24633.14285714286,3.0
137,8,23,668850,79,,Alcohol Disorders; Opioid Disorders; Other Substance Related; Drug Overdose,29080.434782608696,3.4347826086956523
137,10,1,10718,1,,Drug Overdose,10718.0,1.0
137,11,16,496926,56,,Alcohol Disorders; Other Substance Related; Opioid Overdose,31057.875,3.5
138,1,18,693260,86,Government (Medicare),Alcohol Disorders; Opioid Disorders; Other Substance Related; Drug Overdose,38514.444444444445,4.777777777777778
138,2,65,2521886,341,Government (Medicaid),Alcohol Disorders; Sedative Disorders; Other Psychoactive Substances; Other Substance Related; Opioid Overdose; Drug Overdose,38798.24615384615,5.246153846153846
138,3,30,1192409,116,Private (Commercial),Alcohol Disorders; Opioid Disorders; Sedative Disorders; Other Psychoactive Substances; Other Substance Related; Opioid Overdose; Drug Overdose,39746.96666666667,3.8666666666666667
138,4,28,1031995,106,Self-Pay,Alcohol Disorders; Cannabis Disorders; Other Substance Related; Opioid Overdose; Drug Overdose,36856.96428571428,3.7857142857142856
138,5,159,5988858,719,,Alcohol Disorders; Opioid Disorders; Cannabis Disorders; Sedative Disorders; Stimulant Disorders; Hallucinogen Disorders; Other Psychoactive Substances; Other Substance Related; Opioid Overdose; Drug Overdose,37665.77358490566,4.522012578616352
138,7,25,1007131,117,,Alcohol Disorders; Stimulant Disorders; Opioid Overdose; Drug Overdose,40285.24,4.68
138,8,26,798953,100,,Alcohol Disorders; Opioid Disorders; Cannabis Disorders; Opioid Overdose; Drug Overdose,30728.96153846154,3.8461538461538463
138,10,1,10742,1,,Alcohol Disorders,10742.0,1.0
138,11,29,1229160,130,,Alcohol Disorders; Opioid Disorders; Stimulant Disorders; Opioid Overdose; Drug Overdose,42384.8275862069,4.482758620689655
139,1,62,1312119,269,Government (Medicare),Alcohol Disorders; Opioid Disorders; Cannabis Disorders; Sedative Disorders; Stimulant Disorders; Other Substance Related; Opioid Overdose; Drug Overdose,21163.209677419356,4.338709677419355
139,2,124,3735659,684,Government (Medicaid),Other Substance Related; Alcohol Disorders; Opioid Disorders; Sedative Disorders; Opioid Overdose; Drug Overdose,30126.282258064515,5.516129032258065
139,3,74,1263557,352,Private (Commercial),Alcohol Disorders; Opioid Disorders; Cocaine Disorders; Drug Overdose,17075.094594594593,4.756756756756757
139,4,47,722990,214,Self-Pay,Alcohol Disorders; Opioid Disorders; Sedative Disorders; Other Psychoactive Substances; Opioid Overdose; Drug Overdose,15382.765957446809,4.553191489361702
139,5,560,9923913,2554,,Alcohol Disorders; Opioid Disorders; Sedative Disorders; Cocaine Disorders; Stimulant Disorders; Hallucinogen Disorders; Other Substance Related; Opioid Overdose; Drug Overdose,17721.273214285713,4.560714285714286
139,7,131,2293206,504,,Other Substance Related; Alcohol Disorders; Opioid Disorders; Cannabis Disorders; Sedative Disorders; Stimulant Disorders; Hallucinogen Disorders; Opioid Overdose; Drug Overdose,17505.3893129771,3.8473282442748094
139,8,149,3014869,637,,Other Substance Related; Alcohol Disorders; Opioid Disorders; Cannabis Disorders; Sedative Disorders; Stimulant Disorders; Opioid Overdose; Drug Overdose,20234.020134228187,4.275167785234899
139,10,3,31653,11,,Alcohol Disorders,10551.0,3.6666666666666665
139,11,99,1647410,417,,Alcohol Disorders; Opioid Disorders; Cannabis Disorders; Sedative Disorders; Stimulant Disorders; Other Psychoactive Substances; Opioid Overdose; Drug Overdose,16640.50505050505,4.212121212121212
141,1,143,1552200,796,Government (Medicare),Alcohol Disorders; Opioid Disorders; Sedative Disorders; Stimulant Disorders,10854.545454545454,5.566433566433567
141,2,42,401700,206,Government (Medicaid),Alcohol Disorders; Opioid Disorders; Sedative Disorders,9564.285714285714,4.904761904761905
141,3,1,7800,4,Private (Commercial),Alcohol Disorders,7800.0,4.0
141,4,144,1454700,746,Self-Pay,Alcohol Disorders; Opioid Disorders; Cannabis Disorders; Sedative Disorders; Stimulant Disorders,10102.083333333334,5.180555555555555
141,5,72,772200,396,,Alcohol Disorders; Opioid Disorders; Sedative Disorders; Stimulant Disorders,10725.0,5.5
141,6,770,8608950,4935,,Alcohol Disorders; Opioid Disorders; Cannabis Disorders; Sedative Disorders; Cocaine Disorders; Stimulant Disorders; Hallucinogen Disorders; Other Psychoactive Substances,11180.454545454546,6.409090909090909
141,7,14,140400,72,,Alcohol Disorders; Opioid Disorders; Sedative Disorders,10028.57142857143,5.142857142857143
141,8,79,723450,371,,Alcohol Disorders; Opioid Disorders; Sedative Disorders; Hallucinogen Disorders,9157.594936708861,4.69620253164557
141,9,2,17550,9,,Alcohol Disorders,8775.0,4.5
141,10,7,285950,310,,Alcohol Disorders; Opioid Disorders; Sedative Disorders,40850.0,44.285714285714285
141,11,37,360750,185,,Alcohol Disorders; Opioid Disorders,9750.0,5.0
143,1,6,153857,10,Government (Medicare),Alcohol Disorders; Other Substance Related; Opioid Overdose; Drug Overdose,25642.833333333332,1.6666666666666667
143,2,3,145106,13,Government (Medicaid),Other Substance Related,48368.666666666664,4.333333333333333
143,4,1,17013,1,Self-Pay,Drug Overdose,17013.0,1.0
143,5,16,722138,67,,Alcohol Disorders; Other Psychoactive Substances; Other Substance Related; Opioid Overdose; Drug Overdose,45133.625,4.1875
143,6,11,288293,19,,Alcohol Disorders; Other Substance Related,26208.454545454544,1.7272727272727273
143,7,9,487148,33,,Alcohol Disorders; Other Substance Related,54127.555555555555,3.6666666666666665
143,8,14,291222,26,,Alcohol Disorders; Other Substance Related; Drug Overdose,20801.571428571428,1.8571428571428572
143,11,3,51744,6,,Alcohol Disorders,17248.0,2.0
146,1,7,118047,32,Government (Medicare),Alcohol Disorders,16863.85714285714,4.571428571428571
146,2,6,85423,22,Government (Medicaid),Alcohol Disorders; Opioid Disorders; Sedative Disorders,14237.166666666666,3.6666666666666665
146,4,3,41009,13,Self-Pay,Alcohol Disorders; Opioid Disorders,13669.666666666666,4.333333333333333
146,5,50,743604,200,,Alcohol Disorders; Opioid Disorders; Sedative Disorders; Stimulant Disorders; Other Psychoactive Substances,14872.08,4.0
146,6,7,95597,26,,Alcohol Disorders; Cocaine Disorders; Stimulant Disorders,13656.714285714286,3.7142857142857144
146,7,15,193993,66,,Alcohol Disorders; Cannabis Disorders,12932.866666666667,4.4
146,8,25,320599,94,,Alcohol Disorders; Opioid Disorders; Cannabis Disorders; Sedative Disorders; Stimulant Disorders,12823.96,3.76
146,10,1,10616,2,,Stimulant Disorders,10616.0,2.0
146,11,16,242203,71,,Alcohol Disorders; Cannabis Disorders,15137.6875,4.4375
151,5,3,248405,19,,Alcohol Disorders; Opioid Overdose; Drug Overdose,82801.66666666667,6.333333333333333
151,7,1,75161,9,,Opioid Overdose,75161.0,9.0
151,8,1,58180,2,,Alcohol Disorders,58180.0,2.0
152,1,17,735138,71,Government (Medicare),Alcohol Disorders; Sedative Disorders; Stimulant Disorders; Other Substance Related; Opioid Overdose; Drug Overdose,43243.41176470588,4.176470588235294
152,2,9,306735,23,Government (Medicaid),Alcohol Disorders; Stimulant Disorders; Other Substance Related; Drug Overdose,34081.666666666664,2.5555555555555554
152,3,7,296368,29,Private (Commercial),Alcohol Disorders; Other Substance Related,42338.28571428572,4.142857142857143
152,7,40,1697338,166,,Alcohol Disorders; Opioid Disorders; Sedative Disorders; Stimulant Disorders; Other Substance Related; Opioid Overdose; Drug Overdose,42433.45,4.15
152,8,37,1979516,221,,Alcohol Disorders; Cannabis Disorders; Stimulant Disorders; Other Substance Related; Opioid Overdose; Drug Overdose,53500.43243243243,5.972972972972973
152,9,1,60735,9,,Other Substance Related,60735.0,9.0
152,10,1,40895,4,,Alcohol Disorders,40895.0,4.0
152,11,9,446683,43,,Alcohol Disorders; Other Substance Related; Opioid Overdose; Drug Overdose,49631.444444444445,4.777777777777778
153,1,19,187200,104,Government (Medicare),Alcohol Disorders; Opioid Disorders,9852.631578947368,5.473684210526316
153,2,7,77400,43,Government (Medicaid),Alcohol Disorders; Sedative Disorders,11057.142857142857,6.142857142857143
153,4,18,226800,126,Self-Pay,Alcohol Disorders; Opioid Disorders,12600.0,7.0
153,5,12,124900,70,,Alcohol Disorders; Stimulant Disorders,10408.333333333334,5.833333333333333
153,6,67,662400,368,,Alcohol Disorders; Opioid Disorders; Stimulant Disorders,9886.567164179105,5.492537313432836
153,7,10,91800,51,,Alcohol Disorders,9180.0,5.1
153,8,21,167400,93,,Alcohol Disorders,7971.428571428572,4.428571428571429
153,9,1,5400,3,,Alcohol Disorders,5400.0,3.0
153,11,14,124100,69,,Alcohol Disorders; Opioid Disorders,8864.285714285714,4.928571428571429
155,1,10,537468,57,Government (Medicare),Alcohol Disorders; Other Psychoactive Substances; Other Substance Related; Drug Overdose,53746.8,5.7
155,2,6,146305,17,Government (Medicaid),Other Substance Related; Drug Overdose,24384.166666666668,2.8333333333333335
155,3,2,33572,5,Private (Commercial),Other Substance Related; Drug Overdose,16786.0,2.5
155,7,22,1080118,108,,Alcohol Disorders; Opioid Overdose; Drug Overdose,49096.27272727273,4.909090909090909
155,8,17,764135,74,,Alcohol Disorders; Sedative Disorders; Other Substance Related; Opioid Overdose; Drug Overdose,44949.117647058825,4.352941176470588
155,11,7,398163,55,,Alcohol Disorders; Opioid Overdose; Drug Overdose,56880.42857142857,7.857142857142857
158,1,2,56777,5,Government (Medicare),Other Substance Related; Opioid Overdose,28388.5,2.5
158,2,6,171869,17,Government (Medicaid),Other Substance Related; Drug Overdose,28644.833333333332,2.8333333333333335
158,4,1,17590,1,Self-Pay,Other Substance Related,17590.0,1.0
158,5,2,20265,3,,Alcohol Disorders; Other Substance Related,10132.5,1.5
158,7,2,52777,6,,Other Substance Related,26388.5,3.0
158,8,2,54546,7,,Other Substance Related,27273.0,3.5
160,1,12,478662,42,Government (Medicare),Alcohol Disorders; Other Substance Related; Opioid Overdose,39888.5,3.5
160,2,21,858515,98,Government (Medicaid),Alcohol Disorders; Other Substance Related; Drug Overdose,40881.666666666664,4.666666666666667
160,3,31,1008123,89,Private (Commercial),Alcohol Disorders; Cannabis Disorders; Other Substance Related; Opioid Overdose; Drug Overdose,32520.09677419355,2.870967741935484
160,4,6,168034,14,Self-Pay,Alcohol Disorders; Other Substance Related,28005.666666666668,2.3333333333333335
160,7,6,239578,21,,Alcohol Disorders; Other Substance Related; Opioid Overdose,39929.666666666664,3.5
160,8,4,188063,21,,Alcohol Disorders; Other Substance Related,47015.75,5.25
160,11,1,20267,3,,Drug Overdose,20267.0,3.0
162,1,23,1096702,97,Government (Medicare),Alcohol Disorders; Other Substance Related; Opioid Overdose; Drug Overdose,47682.69565217391,4.217391304347826
162,2,18,894660,82,Government (Medicaid),Alcohol Disorders; Other Substance Related; Opioid Overdose; Drug Overdose,49703.333333333336,4.555555555555555
162,3,3,170938,17,Private (Commercial),Alcohol Disorders; Opioid Disorders; Other Substance Related,56979.333333333336,5.666666666666667
162,7,52,2844120,284,,Alcohol Disorders; Opioid Disorders; Other Substance Related; Opioid Overdose; Drug Overdose,54694.61538461538,5.461538461538462
162,8,69,4140969,376,,Alcohol Disorders; Sedative Disorders; Stimulant Disorders; Other Substance Related; Opioid Overdose; Drug Overdose,60014.04347826087,5.449275362318841
162,11,11,935608,70,,Alcohol Disorders; Other Substance Related; Drug Overdose,85055.27272727272,6.363636363636363
170,1,6,239219,25,Government (Medicare),Alcohol Disorders; Opioid Overdose; Drug Overdose,39869.833333333336,4.166666666666667
170,2,1,14360,1,Government (Medicaid),Alcohol Disorders,14360.0,1.0
170,7,5,255116,28,,Alcohol Disorders; Drug Overdose,51023.2,5.6
170,8,4,272990,32,,Alcohol Disorders; Other Substance Related,68247.5,8.0
171,1,2,37305,3,Government (Medicare),Alcohol Disorders; Drug Overdose,18652.5,1.5
171,2,2,45831,3,Government (Medicaid),Other Substance Related,22915.5,1.5
171,5,1,33747,3,,Alcohol Disorders,33747.0,3.0
171,6,1,16593,1,,Alcohol Disorders,16593.0,1.0
171,7,6,96430,12,,Alcohol Disorders,16071.666666666666,2.0
171,8,5,115474,9,,Alcohol Disorders; Other Substance Related,23094.8,1.8
171,11,2,25418,3,,Alcohol Disorders,12709.0,1.5
176,1,6,131736,15,Government (Medicare),Alcohol Disorders; Other Substance Related; Drug Overdose,21956.0,2.5
176,2,5,121029,14,Government (Medicaid),Alcohol Disorders; Opioid Disorders; Opioid Overdose; Drug Overdose,24205.8,2.8
176,3,4,85499,9,Private (Commercial),Alcohol Disorders; Drug Overdose,21374.75,2.25
176,4,1,9308,1,Self-Pay,Drug Overdose,9308.0,1.0
176,5,17,331250,48,,Alcohol Disorders; Other Substance Related; Drug Overdose,19485.29411764706,2.823529411764706
176,7,4,100268,14,,Alcohol Disorders,25067.0,3.5
176,8,15,268373,38,,Alcohol Disorders; Other Substance Related; Drug Overdose,17891.533333333333,2.533333333333333
176,11,5,103323,11,,Alcohol Disorders,20664.6,2.2
419,8,1,44696,9,,Alcohol Disorders,44696.0,9.0
441,1,6,144305,41,Government (Medicare),Alcohol Disorders; Stimulant Disorders; Other Psychoactive Substances,24050.833333333332,6.833333333333333
441,2,6,76640,23,Government (Medicaid),Alcohol Disorders; Cannabis Disorders; Stimulant Disorders,12773.333333333334,3.8333333333333335
441,3,6,83114,26,Private (Commercial),Alcohol Disorders; Opioid Disorders; Stimulant Disorders; Other Psychoactive Substances,13852.333333333334,4.333333333333333
441,4,12,144809,42,Self-Pay,Alcohol Disorders; Stimulant Disorders; Other Psychoactive Substances; Drug Overdose,12067.416666666666,3.5
441,5,25,334133,97,,Alcohol Disorders; Stimulant Disorders; Other Psychoactive Substances; Drug Overdose,13365.32,3.88
441,6,16,205419,62,,Alcohol Disorders; Opioid Disorders; Cannabis Disorders; Stimulant Disorders; Other Psychoactive Substances,12838.6875,3.875
441,7,9,98238,29,,Alcohol Disorders; Cannabis Disorders,10915.333333333334,3.2222222222222223
441,8,14,149133,45,,Alcohol Disorders; Cannabis Disorders; Stimulant Disorders; Other Psychoactive Substances,10652.357142857143,3.2142857142857144
441,10,1,13474,4,,Other Psychoactive Substances,13474.0,4.0
441,11,9,80848,25,,Alcohol Disorders; Opioid Disorders; Cannabis Disorders; Stimulant Disorders,8983.111111111111,2.7777777777777777
456,1,6,61160,22,Government (Medicare),Alcohol Disorders; Opioid Disorders,10193.333333333334,3.6666666666666665
456,3,1,25020,9,Private (Commercial),Alcohol Disorders,25020.0,9.0
456,4,6,69500,25,Self-Pay,Alcohol Disorders,11583.333333333334,4.166666666666667
456,5,5,61160,22,,Alcohol Disorders,12232.0,4.4
456,6,35,455245,164,,Alcohol Disorders,13007.0,4.685714285714286
456,7,2,33360,12,,Alcohol Disorders,16680.0,6.0
456,8,19,225180,81,,Alcohol Disorders; Opioid Disorders,11851.578947368422,4.2631578947368425
456,11,6,63940,23,,Alcohol Disorders; Cannabis Disorders,10656.666666666666,3.8333333333333335
458,1,11,120600,60,Government (Medicare),Alcohol Disorders; Cannabis Disorders; Stimulant Disorders,10963.636363636364,5.454545454545454
458,2,4,46230,23,Government (Medicaid),Alcohol Disorders,11557.5,5.75
458,4,16,158790,79,Self-Pay,Alcohol Disorders; Cannabis Disorders; Cocaine Disorders; Stimulant Disorders; Other Psychoactive Substances,9924.375,4.9375
458,5,6,58290,29,,Alcohol Disorders; Cannabis Disorders; Stimulant Disorders,9715.0,4.833333333333333
458,6,83,779880,388,,Alcohol Disorders; Opioid Disorders; Cannabis Disorders; Sedative Disorders; Stimulant Disorders; Other Psychoactive Substances,9396.144578313253,4.674698795180723
458,7,5,54270,27,,Alcohol Disorders,10854.0,5.4
458,8,17,154770,77,,Alcohol Disorders; Opioid Disorders; Stimulant Disorders,9104.117647058823,4.529411764705882
458,10,1,10050,5,,Alcohol Disorders,10050.0,5.0
458,11,19,158790,79,,Alcohol Disorders; Opioid Disorders; Stimulant Disorders,8357.368421052632,4.157894736842105
459,2,1,45498,9,Government (Medicaid),Alcohol Disorders,45498.0,9.0
464,1,1,133341,19,Government (Medicare),Opioid Overdose,133341.0,19.0
476,1,6,112473,31,Government (Medicare),Alcohol Disorders; Stimulant Disorders,18745.5,5.166666666666667
476,2,11,149232,35,Government (Medicaid),Alcohol Disorders,13566.545454545454,3.1818181818181817
476,3,8,109798,26,Private (Commercial),Alcohol Disorders; Drug Overdose,13724.75,3.25
476,4,24,441754,105,Self-Pay,Alcohol Disorders; Opioid Disorders; Cannabis Disorders; Stimulant Disorders; Drug Overdose,18406.416666666668,4.375
476,5,41,585399,122,,Alcohol Disorders; Opioid Disorders; Sedative Disorders; Cocaine Disorders; Stimulant Disorders; Other Psychoactive Substances,14278.024390243903,2.975609756097561
476,6,1,11164,2,,Opioid Disorders,11164.0,2.0
476,7,15,161436,38,,Alcohol Disorders; Drug Overdose,10762.4,2.533333333333333
476,8,23,326531,74,,Alcohol Disorders; Stimulant Disorders; Other Psychoactive Substances; Drug Overdose,14197.0,3.217391304347826
476,10,1,27340,7,,Alcohol Disorders,27340.0,7.0
476,11,14,183223,36,,Alcohol Disorders; Stimulant Disorders,13087.357142857143,2.5714285714285716
490,4,1,46386,13,Self-Pay,Alcohol Disorders,46386.0,13.0
490,8,1,2528,1,,Drug Overdose,2528.0,1.0
497,1,1,59143,15,Government (Medicare),Sedative Disorders,59143.0,15.0
497,2,2,90773,21,Government (Medicaid),Alcohol Disorders; Other Substance Related,45386.5,10.5
710,1,1,33865,3,Government (Medicare),Alcohol Disorders,33865.0,3.0
710,2,2,76581,13,Government (Medicaid),Alcohol Disorders; Opioid Overdose,38290.5,6.5
710,7,1,29376,2,,Opioid Overdose,29376.0,2.0
756,1,41,1390963,153,Government (Medicare),Alcohol Disorders; Opioid Disorders; Other Substance Related; Opioid Overdose; Drug Overdose,33925.92682926829,3.731707317073171
756,2,28,1095836,136,Government (Medicaid),Alcohol Disorders; Stimulant Disorders; Other Substance Related; Opioid Overdose; Drug Overdose,39137.0,4.857142857142857
756,3,12,320708,52,Private (Commercial),Alcohol Disorders; Opioid Disorders; Cannabis Disorders; Stimulant Disorders; Other Psychoactive Substances; Drug Overdose,26725.666666666668,4.333333333333333
756,4,11,229656,42,Self-Pay,Alcohol Disorders; Sedative Disorders; Stimulant Disorders; Opioid Overdose; Drug Overdose,20877.81818181818,3.8181818181818183
756,5,91,2061661,357,,Alcohol Disorders; Opioid Disorders; Cannabis Disorders; Sedative Disorders; Stimulant Disorders; Other Psychoactive Substances; Other Substance Related; Opioid Overdose; Drug Overdose,22655.615384615383,3.923076923076923
756,6,21,579455,84,,Alcohol Disorders; Stimulant Disorders; Other Psychoactive Substances; Other Substance Related; Opioid Overdose; Drug Overdose,27593.095238095237,4.0
756,7,53,1252841,181,,Alcohol Disorders; Sedative Disorders; Other Psychoactive Substances; Other Substance Related; Opioid Overdose; Drug Overdose,23638.509433962263,3.4150943396226414
756,8,34,1061101,158,,Alcohol Disorders; Sedative Disorders; Stimulant Disorders; Other Psychoactive Substances; Other Substance Related; Opioid Overdose; Drug Overdose,31208.852941176472,4.647058823529412
756,10,5,79728,12,,Alcohol Disorders; Other Substance Related,15945.6,2.4
756,11,25,1015325,129,,Alcohol Disorders; Cannabis Disorders; Stimulant Disorders; Other Psychoactive Substances; Other Substance Related; Opioid Overdose,40613.0,5.16
